id,y
10441,60.5
10442,56.25
10443,180.0
10444,127.0
10445,6.5
10446,59.75
10447,263.0
10448,9.4
10449,45.1
10450,26.1
10451,17.7
10452,120.0
10453,286.0
10454,22.7
10455,76.75
10456,10.7
10457,33.25
10458,528.0
10459,21.4
10460,925.0
10461,26.45
10462,25.4
10463,73.25
10464,620.0
10465,48.25
10466,1135.0
10467,74.25
10468,79.25
10469,19.0
10470,420.0
10471,40.5
10472,21.5
10473,20.4
10474,70.0
10475,52.5
10476,74.75
10477,58.5
10478,760.0
10479,313.0
10480,75.0
10481,40.45
10482,30.1
10483,57.75
10484,312.0
10485,60.75
10486,67.75
10487,221.0
10488,21.9
10489,133.0
10490,84.5
10491,498.0
10492,118.0
10493,51.0
10494,56.25
10495,233.0
10496,341.0
10497,55.25
10498,14.7
10499,9.2
10500,70.5
10501,1135.0
10502,82.25
10503,28.25
10504,8.4
10505,104.75
10506,61.35
10507,111.75
10508,13.8
10509,71.75
10510,54.75
10511,43.5
10512,105.0
10513,39.25
10514,96.75
10515,74.5
10516,102.25
10517,66.75
10518,50.0
10519,43.5
10520,59.5
10521,37.0
10522,23.0
10523,640.0
10524,24.5
10525,83.5
10526,11.7
10527,7.7
10528,58.75
10529,19.5
10530,9.7
10531,13.6
10532,705.0
10533,42.25
10534,60.6
10535,44.5
10536,36.3
10537,116.5
10538,299.0
10539,90.25
10540,17.3
10541,62.0
10542,1040.0
10543,62.5
10544,340.0
10545,24.4
10546,33.3
10547,3815.0
10548,21.9
10549,48.25
10550,32.5
10551,99.5
10552,835.0
10553,40.25
10554,74.0
10555,1710.0
10556,960.0
10557,18.7
10558,49.25
10559,40.25
10560,7.8
10561,16.6
10562,47.75
10563,720.0
10564,18.3
10565,19.9
10566,1240.0
10567,25.1
10568,26.55
10569,111.5
10570,940.0
10571,2145.0
10572,21.8
10573,240.0
10574,945.0
10575,248.0
10576,371.0
10577,100.0
10578,32.25
10579,27.75
10580,9.3
10581,76.0
10582,8.7
10583,1455.0
10584,17.1
10585,381.0
10586,25.6
10587,2025.0
10588,7.5
10589,38.0
10590,155.0
10591,44.75
10592,11.4
10593,29.7
10594,770.0
10595,1105.0
10596,279.0
10597,323.0
10598,22.1
10599,515.0
10600,800.0
10601,29.0
10602,13.4
10603,199.0
10604,281.0
10605,780.0
10606,273.0
10607,113.75
10608,217.0
10609,145.0
10610,50.0
10611,107.25
10612,37.05
10613,9.3
10614,27.05
10615,790.0
10616,10.8
10617,38.9
10618,49.5
10619,84.5
10620,108.5
10621,110.0
10622,800.0
10623,26.6
10624,21.8
10625,840.0
10626,29.0
10627,23.9
10628,579.0
10629,234.0
10630,1160.0
10631,51.0
10632,8.9
10633,23.9
10634,45.9
10635,2075.0
10636,7.7
10637,67.75
10638,56.25
10639,20.5
10640,13.8
10641,121.75
10642,53.0
10643,74.75
10644,37.75
10645,60.5
10646,256.0
10647,31.4
10648,700.0
10649,194.0
10650,9.9
10651,329.0
10652,121.0
10653,44.5
10654,12.2
10655,51.5
10656,49.75
10657,75.0
10658,77.0
10659,191.75
10660,29.9
10661,96.0
10662,71.0
10663,96.75
10664,6.8
10665,6.4
10666,19.3
10667,85.75
10668,140.0
10669,76.75
10670,10.5
10671,9.2
10672,29.6
10673,707.0
10674,143.0
10675,624.0
10676,63.75
10677,47.25
10678,80.5
10679,43.5
10680,91.75
10681,47.25
10682,40.75
10683,1665.0
10684,203.0
10685,383.0
10686,496.0
10687,87.5
10688,441.0
10689,69.25
10690,69.5
10691,715.0
10692,23.4
10693,30.45
10694,1270.0
10695,174.0
10696,47.5
10697,9.2
10698,262.0
10699,48.85
10700,45.0
10701,17.8
10702,285.0
10703,56.75
10704,331.0
10705,10.0
10706,7.1
10707,284.0
10708,10.1
10709,104.25
10710,197.0
10711,665.0
10712,10.7
10713,880.0
10714,720.0
10715,662.0
10716,182.0
10717,11.8
10718,53.0
10719,1650.0
10720,120.0
10721,72.0
10722,760.0
10723,17.6
10724,94.5
10725,268.0
10726,710.0
10727,115.5
10728,107.5
10729,69.75
10730,40.0
10731,43.75
10732,516.0
10733,18.8
10734,830.0
10735,209.0
10736,38.0
10737,85.0
10738,86.75
10739,49.0
10740,436.0
10741,60.75
10742,36.25
10743,149.0
10744,404.0
10745,36.8
10746,73.0
10747,32.15
10748,261.0
10749,13.8
10750,78.5
10751,75.75
10752,688.0
10753,845.0
10754,185.0
10755,46.85
10756,69.0
10757,52.5
10758,104.75
10759,201.0
10760,49.75
10761,32.1
10762,96.0
10763,32.25
10764,165.0
10765,81.5
10766,148.0
10767,1520.0
10768,16.0
10769,233.0
10770,76.5
10771,1375.0
10772,36.9
10773,65.0
10774,96.75
10775,549.0
10776,11.1
10777,72.75
10778,69.75
10779,745.0
10780,1535.0
10781,85.0
10782,23.85
10783,79.75
10784,37.75
10785,62.5
10786,13.3
10787,216.0
10788,56.0
10789,65.75
10790,22.1
10791,86.0
10792,14.7
10793,790.0
10794,56.25
10795,60.0
10796,15.5
10797,36.25
10798,3975.0
10799,1195.0
10800,129.0
10801,344.0
10802,55.0
10803,29.9
10804,470.0
10805,705.0
10806,88.5
10807,9.6
10808,77.5
10809,191.0
10810,312.0
10811,890.0
10812,263.0
10813,28.9
10814,25.0
10815,37.5
10816,29.25
10817,97.25
10818,27.5
10819,138.0
10820,935.0
10821,1295.0
10822,77.25
10823,91.5
10824,378.0
10825,71.75
10826,641.0
10827,580.0
10828,109.0
10829,29.9
10830,903.0
10831,15.9
10832,418.0
10833,498.0
10834,13.7
10835,129.0
10836,416.0
10837,1280.0
10838,42.0
10839,53.25
10840,16.5
10841,47.5
10842,43.0
10843,30.9
10844,26.6
10845,26.3
10846,10.5
10847,830.0
10848,427.0
10849,100.75
10850,60.25
10851,73.5
10852,61.25
10853,12.4
10854,6.2
10855,335.0
10856,3440.0
10857,102.5
10858,25.6
10859,13.1
10860,82.75
10861,99.75
10862,248.0
10863,1015.0
10864,432.0
10865,618.0
10866,2145.0
10867,900.0
10868,376.0
10869,25.5
10870,153.0
10871,3850.0
10872,242.0
10873,330.0
10874,23.95
10875,381.0
10876,107.25
10877,840.0
10878,36.75
10879,36.75
10880,11.5
10881,69.0
10882,176.0
10883,56.0
10884,11.7
10885,199.0
10886,98.5
10887,132.0
10888,280.0
10889,52.25
10890,21.5
10891,488.0
10892,46.25
10893,102.5
10894,2785.0
10895,203.0
10896,42.5
10897,368.0
10898,20.1
10899,176.0
10900,8.2
10901,10.4
10902,77.0
10903,302.0
10904,81.0
10905,397.0
10906,98.25
10907,102.75
10908,103.5
10909,32.65
10910,112.75
10911,102.0
10912,71.25
10913,705.0
10914,119.0
10915,17.6
10916,15.1
10917,66.25
10918,8.5
10919,19.4
10920,290.0
10921,11.6
10922,74.25
10923,60.25
10924,45.65
10925,109.0
10926,449.0
10927,71.0
10928,855.0
10929,228.0
10930,145.0
10931,12.4
10932,42.65
10933,47.75
10934,41.65
10935,31.0
10936,52.5
10937,54.0
10938,100.5
10939,18.4
10940,48.5
10941,73.75
10942,9.3
10943,30.25
10944,25.2
10945,30.35
10946,123.5
10947,49.25
10948,51.0
10949,825.0
10950,48.0
10951,290.0
10952,36.65
10953,20.8
10954,41.75
10955,15.7
10956,65.5
10957,11.9
10958,456.0
10959,74.25
10960,39.25
10961,105.0
10962,1260.0
10963,142.0
10964,755.0
10965,710.0
10966,1495.0
10967,39.0
10968,86.25
10969,167.0
10970,17.6
10971,75.5
10972,84.25
10973,1370.0
10974,71.0
10975,63.75
10976,263.0
10977,59.25
10978,110.25
10979,19.7
10980,500.0
10981,29.3
10982,13.6
10983,76.5
10984,9.9
10985,37.25
10986,11.3
10987,19.0
10988,21.8
10989,46.5
10990,82.75
10991,274.0
10992,165.0
10993,149.0
10994,100.25
10995,50.75
10996,34.75
10997,65.0
10998,13.9
10999,13.6
11000,556.0
11001,554.0
11002,203.0
11003,101.0
11004,143.0
11005,38.75
11006,52.25
11007,77.25
11008,33.0
11009,39.0
11010,54.5
11011,21.1
11012,47.75
11013,131.0
11014,44.75
11015,204.0
11016,12.1
11017,68.75
11018,795.0
11019,65.0
11020,102.5
11021,106.25
11022,95.5
11023,1125.0
11024,236.0
11025,42.0
11026,24.9
11027,262.0
11028,8.6
11029,50.25
11030,186.0
11031,176.0
11032,70.75
11033,1265.0
11034,92.0
11035,12.9
11036,1345.0
11037,49.75
11038,65.0
11039,805.0
11040,21.9
11041,383.0
11042,36.55
11043,75.75
11044,329.0
11045,47.5
11046,27.65
11047,9.6
11048,46.1
11049,242.0
11050,19.8
11051,60.75
11052,72.0
11053,222.0
11054,35.5
11055,28.7
11056,22.45
11057,34.5
11058,32.05
11059,116.5
11060,50.25
11061,97.25
11062,47.25
11063,65.5
11064,116.25
11065,920.0
11066,73.25
11067,96.0
11068,1290.0
11069,144.0
11070,146.0
11071,46.0
11072,640.0
11073,2335.0
11074,286.0
11075,71.0
11076,39.75
11077,79.75
11078,2255.0
11079,256.0
11080,31.95
11081,650.0
11082,6.3
11083,6.2
11084,48.25
11085,8.4
11086,124.0
11087,44.75
11088,23.6
11089,41.95
11090,23.9
11091,118.0
11092,1050.0
11093,14.4
11094,30.95
11095,27.7
11096,369.0
11097,133.0
11098,49.25
11099,26.2
11100,74.25
11101,297.0
11102,21.8
11103,49.0
11104,38.15
11105,97.75
11106,39.05
11107,15.5
11108,51.25
11109,14.1
11110,190.0
11111,47.5
11112,40.5
11113,93.25
11114,83.5
11115,140.0
11116,53.95
11117,14.7
11118,32.65
11119,65.75
11120,360.0
11121,40.2
11122,292.0
11123,23.5
11124,220.0
11125,17.4
11126,52.5
11127,18.1
11128,59.25
11129,110.0
11130,17.0
11131,50.75
11132,18.15
11133,53.75
11134,84.75
11135,13.9
11136,50.25
11137,25.5
11138,60.75
11139,29.1
11140,514.0
11141,55.5
11142,48.75
11143,14.6
11144,36.75
11145,640.0
11146,322.0
11147,63.75
11148,50.0
11149,63.25
11150,76.0
11151,8.6
11152,11.9
11153,78.25
11154,735.0
11155,63.25
11156,1755.0
11157,489.0
11158,219.0
11159,96.75
11160,131.0
11161,50.75
11162,22.6
11163,200.0
11164,414.0
11165,583.0
11166,150.0
11167,67.75
11168,302.0
11169,1770.0
11170,218.0
11171,179.0
11172,6.2
11173,70.5
11174,75.5
11175,13.0
11176,354.0
11177,1025.0
11178,15.5
11179,166.75
11180,489.0
11181,765.0
11182,88.25
11183,24.8
11184,34.25
11185,49.25
11186,90.75
11187,25.2
11188,49.0
11189,21.1
11190,106.25
11191,71.25
11192,118.0
11193,105.25
11194,85.0
11195,110.5
11196,104.0
11197,665.0
11198,27.35
11199,1660.0
11200,15.8
11201,28.5
11202,30.1
11203,69.0
11204,38.05
11205,53.0
11206,16.1
11207,8.2
11208,10.8
11209,61.75
11210,1290.0
11211,205.0
11212,31.0
11213,142.0
11214,157.0
11215,1040.0
11216,187.5
11217,58.75
11218,29.15
11219,75.25
11220,24.4
11221,81.75
11222,2505.0
11223,29.45
11224,54.5
11225,31.0
11226,392.0
11227,67.25
11228,53.25
11229,54.5
11230,27.3
11231,79.0
11232,88.25
11233,580.0
11234,16.1
11235,230.0
11236,560.0
11237,38.35
11238,506.0
11239,64.25
11240,58.0
11241,10.4
11242,64.25
11243,23.2
11244,322.0
11245,108.0
11246,29.0
11247,7.9
11248,21.3
11249,10.8
11250,59.0
11251,56.75
11252,266.0
11253,390.0
11254,55.5
11255,1640.0
11256,225.0
11257,179.0
11258,379.0
11259,10.6
11260,370.0
11261,169.0
11262,160.0
11263,112.25
11264,73.75
11265,1210.0
11266,365.0
11267,56.25
11268,73.75
11269,65.75
11270,55.25
11271,30.0
11272,13.4
11273,36.55
11274,30.8
11275,31.75
11276,28.35
11277,56.5
11278,24.4
11279,710.0
11280,80.5
11281,69.0
11282,7.8
11283,1635.0
11284,67.0
11285,34.0
11286,80.25
11287,80.75
11288,965.0
11289,11.0
11290,145.0
11291,277.0
11292,39.6
11293,46.0
11294,140.0
11295,90.0
11296,76.75
11297,311.0
11298,925.0
11299,415.0
11300,118.5
11301,51.25
11302,41.5
11303,320.0
11304,10.7
11305,885.0
11306,160.0
11307,53.9
11308,89.5
11309,58.0
11310,735.0
11311,106.5
11312,50.0
11313,81.5
11314,73.0
11315,75.25
11316,321.0
11317,312.0
11318,40.25
11319,9.5
11320,16.1
11321,970.0
11322,38.75
11323,333.0
11324,73.0
11325,205.0
11326,143.0
11327,15.0
11328,47.75
11329,2825.0
11330,285.0
11331,2365.0
11332,48.25
11333,239.0
11334,950.0
11335,60.75
11336,131.0
11337,18.2
11338,13.5
11339,70.5
11340,289.0
11341,37.5
11342,28.7
11343,76.5
11344,500.0
11345,368.0
11346,236.0
11347,53.0
11348,69.5
11349,17.6
11350,69.5
11351,53.5
11352,393.0
11353,8.0
11354,53.65
11355,57.0
11356,20.7
11357,17.1
11358,297.0
11359,285.0
11360,682.0
11361,89.5
11362,17.6
11363,79.25
11364,345.0
11365,508.0
11366,9.6
11367,13.9
11368,64.0
11369,46.85
11370,174.0
11371,17.1
11372,54.5
11373,57.75
11374,7.9
11375,120.0
11376,1235.0
11377,37.5
11378,70.25
11379,244.0
11380,303.0
11381,45.75
11382,1305.0
11383,104.5
11384,17.2
11385,1050.0
11386,138.5
11387,315.0
11388,167.0
11389,755.0
11390,90.0
11391,23.2
11392,74.25
11393,67.25
11394,25.3
11395,231.0
11396,96.0
11397,47.5
11398,169.0
11399,2290.0
11400,41.3
11401,800.0
11402,200.0
11403,68.0
11404,50.5
11405,31.5
11406,33.45
11407,695.0
11408,282.0
11409,6.8
11410,7.0
11411,49.5
11412,7.5
11413,64.5
11414,21.0
11415,264.0
11416,10.5
11417,139.75
11418,18.2
11419,116.25
11420,86.75
11421,21.1
11422,24.5
11423,65.25
11424,9.1
11425,121.0
11426,23.4
11427,122.75
11428,57.25
11429,542.0
11430,17.6
11431,48.5
11432,376.0
11433,65.0
11434,200.0
11435,84.75
11436,177.0
11437,1680.0
11438,74.75
11439,70.0
11440,14.8
11441,26.9
11442,18.3
11443,719.0
11444,14.1
11445,785.0
11446,12.2
11447,49.25
11448,47.75
11449,48.0
11450,9.5
11451,35.4
11452,28.6
11453,74.0
11454,82.5
11455,95.75
11456,35.25
11457,67.5
11458,66.75
11459,518.0
11460,75.5
11461,186.5
11462,390.0
11463,59.5
11464,13.6
11465,25.5
11466,101.25
11467,6.3
11468,12.9
11469,10.0
11470,42.0
11471,84.75
11472,68.0
11473,39.0
11474,196.0
11475,14.2
11476,17.45
11477,1170.0
11478,70.5
11479,554.0
11480,119.0
11481,316.0
11482,60.5
11483,192.0
11484,855.0
11485,31.95
11486,461.0
11487,14.2
11488,119.5
11489,48.75
11490,885.0
11491,36.5
11492,19.1
11493,109.25
11494,40.5
11495,71.25
11496,1820.0
11497,17.4
11498,451.0
11499,84.25
11500,78.0
11501,62.5
11502,49.5
11503,106.0
11504,64.5
11505,27.05
11506,935.0
11507,54.5
11508,74.0
11509,12.8
11510,545.0
11511,18.3
11512,22.5
11513,324.0
11514,38.75
11515,7.1
11516,333.0
11517,61.0
11518,60.25
11519,140.0
11520,82.5
11521,8.4
11522,690.0
11523,42.25
11524,28.15
11525,7.7
11526,115.25
11527,730.0
11528,9.1
11529,74.0
11530,65.75
11531,12.0
11532,102.5
11533,387.0
11534,13.3
11535,330.0
11536,113.0
11537,2550.0
11538,90.0
11539,83.5
11540,169.0
11541,477.0
11542,14.2
11543,63.0
11544,84.5
11545,57.5
11546,477.0
11547,720.0
11548,33.25
11549,10.4
11550,17.7
11551,51.25
11552,29.7
11553,18.7
11554,6.9
11555,24.9
11556,37.0
11557,54.0
11558,69.5
11559,350.0
11560,45.0
11561,126.0
11562,32.4
11563,52.25
11564,80.75
11565,38.5
11566,11.8
11567,44.0
11568,674.0
11569,9.4
11570,164.0
11571,451.0
11572,62.5
11573,14.9
11574,60.5
11575,14.6
11576,354.0
11577,615.0
11578,1070.0
11579,71.25
11580,304.0
11581,535.0
11582,32.75
11583,383.0
11584,19.8
11585,41.75
11586,24.0
11587,21.5
11588,179.0
11589,347.0
11590,975.0
11591,10.0
11592,14.5
11593,6.2
11594,29.35
11595,21.2
11596,61.75
11597,82.0
11598,72.0
11599,171.0
11600,268.0
11601,305.0
11602,315.0
11603,76.0
11604,63.25
11605,239.0
11606,30.1
11607,76.0
11608,40.0
11609,83.25
11610,1005.0
11611,2270.0
11612,12.9
11613,74.25
11614,29.4
11615,339.0
11616,104.0
11617,12.5
11618,900.0
11619,83.5
11620,525.0
11621,46.5
11622,310.0
11623,126.0
11624,48.25
11625,1180.0
11626,16.6
11627,42.0
11628,11.8
11629,67.5
11630,50.5
11631,25.5
11632,21.9
11633,12.1
11634,271.0
11635,20.8
11636,60.5
11637,482.0
11638,33.15
11639,36.5
11640,76.75
11641,11.9
11642,60.0
11643,168.0
11644,458.0
11645,10.2
11646,72.0
11647,260.0
11648,1435.0
11649,182.0
11650,550.0
11651,23.9
11652,46.0
11653,63.0
11654,34.5
11655,22.3
11656,48.25
11657,25.45
11658,10.6
11659,220.0
11660,39.75
11661,60.5
11662,60.0
11663,71.75
11664,32.9
11665,102.5
11666,68.5
11667,280.0
11668,46.6
11669,78.0
11670,37.75
11671,90.5
11672,1615.0
11673,36.75
11674,1040.0
11675,870.0
11676,36.65
11677,32.55
11678,70.25
11679,31.75
11680,309.0
11681,96.0
11682,82.25
11683,45.0
11684,57.25
11685,299.0
11686,31.7
11687,34.65
11688,42.0
11689,16.1
11690,618.0
11691,21.4
11692,54.5
11693,9.5
11694,80.0
11695,1515.0
11696,9.2
11697,30.5
11698,183.0
11699,222.0
11700,66.5
11701,65.75
11702,148.0
11703,222.0
11704,46.25
11705,1105.0
11706,455.0
11707,9.7
11708,75.5
11709,935.0
11710,59.5
11711,634.0
11712,522.0
11713,2710.0
11714,8.7
11715,13.5
11716,325.0
11717,15.4
11718,59.25
11719,36.6
11720,2115.0
11721,125.25
11722,595.0
11723,166.0
11724,87.75
11725,805.0
11726,109.0
11727,104.0
11728,1250.0
11729,121.0
11730,60.75
11731,40.0
11732,163.0
11733,236.0
11734,83.5
11735,75.5
11736,13.1
11737,9.3
11738,40.75
11739,85.75
11740,39.75
11741,136.5
11742,45.75
11743,650.0
11744,17.9
11745,75.25
11746,49.25
11747,15.0
11748,267.0
11749,13.2
11750,29.8
11751,61.75
11752,1975.0
11753,30.85
11754,51.5
11755,73.0
11756,228.0
11757,66.25
11758,29.7
11759,231.0
11760,70.75
11761,376.0
11762,27.7
11763,70.25
11764,67.25
11765,39.5
11766,41.95
11767,9.3
11768,23.4
11769,95.5
11770,7.3
11771,36.25
11772,86.5
11773,84.5
11774,44.25
11775,42.5
11776,820.0
11777,153.0
11778,500.0
11779,660.0
11780,84.0
11781,7.4
11782,85.5
11783,61.75
11784,60.25
11785,120.0
11786,74.0
11787,955.0
11788,26.3
11789,147.0
11790,180.0
11791,50.5
11792,19.2
11793,72.0
11794,35.5
11795,65.25
11796,51.0
11797,340.0
11798,120.0
11799,47.5
11800,57.0
11801,16.8
11802,25.3
11803,101.0
11804,185.0
11805,640.0
11806,482.0
11807,350.0
11808,8.4
11809,161.0
11810,38.25
11811,75.75
11812,590.0
11813,29.4
11814,36.0
11815,44.25
11816,121.75
11817,9.4
11818,72.5
11819,37.5
11820,80.25
11821,6.4
11822,238.0
11823,306.0
11824,217.0
11825,60.75
11826,50.0
11827,45.25
11828,393.0
11829,214.0
11830,32.8
11831,103.25
11832,250.0
11833,35.0
11834,109.0
11835,74.0
11836,39.45
11837,301.0
11838,95.0
11839,75.25
11840,555.0
11841,665.0
11842,19.1
11843,950.0
11844,31.25
11845,100.0
11846,193.0
11847,113.0
11848,42.2
11849,26.6
11850,8.4
11851,4215.0
11852,53.25
11853,43.85
11854,85.75
11855,201.0
11856,49.25
11857,34.0
11858,100.0
11859,385.0
11860,535.0
11861,740.0
11862,216.0
11863,95.0
11864,85.25
11865,239.0
11866,60.25
11867,15.9
11868,444.0
11869,28.7
11870,133.0
11871,34.0
11872,42.75
11873,50.0
11874,9.7
11875,262.0
11876,109.25
11877,2750.0
11878,2705.0
11879,860.0
11880,507.0
11881,11.6
11882,14.9
11883,155.0
11884,110.0
11885,55.75
11886,52.5
11887,160.0
11888,61.0
11889,52.5
11890,139.0
11891,1650.0
11892,79.75
11893,59.5
11894,22.4
11895,23.3
11896,343.0
11897,37.75
11898,1265.0
11899,13.6
11900,800.0
11901,21.7
11902,272.0
11903,510.0
11904,11.7
11905,1210.0
11906,76.75
11907,11.4
11908,850.0
11909,449.0
11910,477.0
11911,265.0
11912,43.5
11913,10.4
11914,57.0
11915,15.5
11916,485.0
11917,23.9
11918,1350.0
11919,19.4
11920,32.2
11921,61.0
11922,122.5
11923,14.4
11924,17.0
11925,825.0
11926,45.2
11927,317.0
11928,10.2
11929,72.5
11930,59.0
11931,59.25
11932,420.0
11933,23.6
11934,107.5
11935,33.5
11936,2140.0
11937,890.0
11938,20.3
11939,16.3
11940,517.0
11941,160.0
11942,135.0
11943,104.0
11944,55.75
11945,1465.0
11946,111.25
11947,23.7
11948,112.0
11949,282.0
11950,240.0
11951,42.0
11952,24.05
11953,67.75
11954,73.5
11955,650.0
11956,165.0
11957,34.25
11958,1305.0
11959,412.0
11960,4350.0
11961,114.0
11962,71.25
11963,54.5
11964,10.3
11965,27.75
11966,65.0
11967,183.0
11968,88.25
11969,105.25
11970,164.0
11971,59.0
11972,49.5
11973,65.25
11974,85.75
11975,67.25
11976,248.0
11977,64.25
11978,60.25
11979,98.75
11980,25.5
11981,32.75
11982,14.8
11983,241.0
11984,23.4
11985,31.1
11986,212.0
11987,44.5
11988,17.2
11989,445.0
11990,305.0
11991,725.0
11992,54.75
11993,51.75
11994,91.5
11995,202.0
11996,44.05
11997,38.4
11998,225.0
11999,3755.0
12000,690.0
12001,2445.0
12002,69.25
12003,600.0
12004,51.75
12005,98.0
12006,47.5
12007,73.0
12008,57.5
12009,500.0
12010,218.0
12011,74.75
12012,65.5
12013,95.75
12014,78.25
12015,36.45
12016,189.0
12017,453.0
12018,79.0
12019,111.75
12020,58.75
12021,134.25
12022,38.5
12023,22.7
12024,84.75
12025,75.25
12026,55.75
12027,63.25
12028,45.45
12029,8.4
12030,591.0
12031,96.75
12032,172.0
12033,158.0
12034,1725.0
12035,180.0
12036,32.15
12037,45.75
12038,28.4
12039,21.1
12040,600.0
12041,256.75
12042,32.85
12043,78.75
12044,53.75
12045,56.75
12046,990.0
12047,22.9
12048,73.5
12049,58.5
12050,81.25
12051,1175.0
12052,1145.0
12053,48.0
12054,79.25
12055,302.0
12056,37.15
12057,130.5
12058,60.5
12059,17.8
12060,53.25
12061,102.75
12062,61.5
12063,32.3
12064,24.4
12065,2900.0
12066,65.5
12067,73.0
12068,147.0
12069,47.75
12070,49.75
12071,90.5
12072,49.25
12073,30.6
12074,7.4
12075,6.5
12076,246.0
12077,402.0
12078,546.0
12079,35.45
12080,129.0
12081,91.75
12082,106.5
12083,67.0
12084,81.25
12085,30.45
12086,895.0
12087,37.9
12088,2340.0
12089,35.0
12090,775.0
12091,118.25
12092,2100.0
12093,905.0
12094,42.5
12095,116.0
12096,6.6
12097,76.25
12098,251.0
12099,58.75
12100,1315.0
12101,20.6
12102,441.0
12103,32.5
12104,401.0
12105,50.25
12106,88.5
12107,74.75
12108,50.0
12109,765.0
12110,247.0
12111,70.75
12112,102.5
12113,33.25
12114,47.0
12115,331.0
12116,27.9
12117,67.25
12118,52.0
12119,55.75
12120,45.0
12121,277.0
12122,26.1
12123,144.0
12124,86.0
12125,98.25
12126,319.0
12127,14.0
12128,241.0
12129,14.2
12130,22.7
12131,62.5
12132,10.1
12133,26.95
12134,46.75
12135,57.75
12136,438.0
12137,516.0
12138,11.3
12139,107.0
12140,87.25
12141,920.0
12142,416.0
12143,97.75
12144,47.25
12145,11.1
12146,149.25
12147,509.0
12148,103.75
12149,97.25
12150,925.0
12151,59.0
12152,96.75
12153,97.75
12154,500.0
12155,404.0
12156,31.7
12157,71.25
12158,12.7
12159,52.25
12160,905.0
12161,865.0
12162,237.0
12163,24.3
12164,14.0
12165,86.0
12166,52.25
12167,30.85
12168,150.0
12169,20.6
12170,6.0
12171,245.0
12172,30.1
12173,201.0
12174,16.3
12175,6.8
12176,2365.0
12177,80.5
12178,177.0
12179,72.0
12180,61.5
12181,650.0
12182,79.75
12183,56.25
12184,12.1
12185,1020.0
12186,38.25
12187,41.0
12188,74.75
12189,38.0
12190,14.1
12191,200.0
12192,32.1
12193,73.75
12194,77.75
12195,22.7
12196,62.75
12197,82.25
12198,24.6
12199,28.4
12200,360.0
12201,310.0
12202,131.0
12203,37.25
12204,127.0
12205,101.25
12206,230.0
12207,179.0
12208,61.75
12209,16.1
12210,43.5
12211,45.75
12212,1635.0
12213,42.25
12214,78.25
12215,96.75
12216,8.0
12217,55.5
12218,197.0
12219,80.25
12220,31.3
12221,60.0
12222,132.0
12223,11.9
12224,37.0
12225,51.5
12226,345.0
12227,14.8
12228,10.7
12229,14.3
12230,8.1
12231,48.5
12232,234.0
12233,16.4
12234,220.0
12235,2450.0
12236,99.25
12237,271.0
12238,89.75
12239,111.75
12240,51.25
12241,59.25
12242,30.0
12243,219.0
12244,25.7
12245,32.85
12246,52.0
12247,8.3
12248,690.0
12249,25.5
12250,32.5
12251,331.0
12252,48.5
12253,88.75
12254,227.0
12255,73.25
12256,1705.0
12257,2765.0
12258,146.0
12259,56.5
12260,2605.0
12261,481.0
12262,688.0
12263,123.0
12264,1270.0
12265,680.0
12266,24.9
12267,23.1
12268,79.75
12269,200.0
12270,111.0
12271,48.0
12272,10.7
12273,19.7
12274,39.0
12275,790.0
12276,33.5
12277,11.4
12278,447.0
12279,63.5
12280,44.25
12281,565.0
12282,426.0
12283,47.5
12284,358.0
12285,79.75
12286,28.5
12287,532.0
12288,46.0
12289,48.0
12290,48.0
12291,4085.0
12292,65.0
12293,58.75
12294,24.8
12295,710.0
12296,7.9
12297,67.25
12298,40.25
12299,476.0
12300,50.75
12301,17.6
12302,112.0
12303,71.5
12304,70.5
12305,233.0
12306,232.0
12307,53.75
12308,39.75
12309,26.3
12310,12.2
12311,257.0
12312,132.5
12313,27.0
12314,150.0
12315,37.5
12316,440.0
12317,11.4
12318,14.3
12319,1035.0
12320,1775.0
12321,15.9
12322,266.0
12323,19.0
12324,262.0
12325,140.0
12326,46.25
12327,38.75
12328,95.25
12329,17.0
12330,405.0
12331,585.0
12332,8.2
12333,12.4
12334,105.25
12335,178.0
12336,44.25
12337,114.0
12338,65.0
12339,31.6
12340,525.0
12341,37.25
12342,55.75
12343,15.7
12344,54.5
12345,6.8
12346,190.0
12347,695.0
12348,50.25
12349,408.0
12350,35.7
12351,89.25
12352,29.95
12353,49.5
12354,101.75
12355,1030.0
12356,65.25
12357,133.5
12358,1385.0
12359,157.0
12360,85.5
12361,393.0
12362,79.0
12363,169.0
12364,78.5
12365,169.0
12366,15.9
12367,86.75
12368,53.5
12369,995.0
12370,574.0
12371,25.4
12372,33.55
12373,218.0
12374,68.25
12375,99.75
12376,50.5
12377,9.5
12378,56.4
12379,571.0
12380,345.0
12381,309.0
12382,57.35
12383,13.4
12384,582.0
12385,49.25
12386,87.75
12387,52.5
12388,160.0
12389,75.5
12390,108.75
12391,23.9
12392,4175.0
12393,24.1
12394,2495.0
12395,36.0
12396,15.4
12397,34.65
12398,97.75
12399,910.0
12400,407.0
12401,61.5
12402,28.9
12403,6.6
12404,32.85
12405,562.0
12406,9.7
12407,14.9
12408,67.75
12409,425.0
12410,60.0
12411,97.25
12412,75.5
12413,10.5
12414,333.0
12415,23.0
12416,700.0
12417,8.7
12418,68.25
12419,30.05
12420,54.0
12421,84.25
12422,382.0
12423,26.0
12424,127.0
12425,33.65
12426,452.0
12427,10.9
12428,401.0
12429,27.6
12430,124.0
12431,234.0
12432,36.5
12433,130.75
12434,61.25
12435,431.0
12436,72.25
12437,22.8
12438,91.25
12439,750.0
12440,35.75
12441,11.2
12442,99.25
12443,25.5
12444,57.25
12445,108.25
12446,1960.0
12447,36.0
12448,78.25
12449,200.0
12450,181.0
12451,40.25
12452,328.0
12453,172.0
12454,83.75
12455,10.2
12456,132.0
12457,173.75
12458,26.45
12459,25.9
12460,97.25
12461,26.0
12462,44.25
12463,301.0
12464,700.0
12465,58.75
12466,59.75
12467,213.0
12468,17.4
12469,203.75
12470,159.0
12471,451.0
12472,493.0
12473,16.6
12474,1000.0
12475,72.0
12476,595.0
12477,14.7
12478,17.1
12479,44.25
12480,42.5
12481,14.9
12482,74.5
12483,54.75
12484,73.25
12485,75.0
12486,347.0
12487,20.5
12488,38.75
12489,238.0
12490,545.0
12491,14.7
12492,55.75
12493,62.5
12494,110.25
12495,885.0
12496,75.25
12497,20.1
12498,285.0
12499,33.3
12500,35.25
12501,495.0
12502,361.0
12503,322.0
12504,300.0
12505,1345.0
12506,40.15
12507,1120.0
12508,43.1
12509,146.0
12510,140.0
12511,315.0
12512,599.0
12513,24.2
12514,19.3
12515,492.0
12516,725.0
12517,310.0
12518,16.4
12519,2735.0
12520,78.0
12521,759.0
12522,36.25
12523,308.0
12524,19.1
12525,13.5
12526,3290.0
12527,122.0
12528,84.25
12529,11.3
12530,28.1
12531,190.0
12532,452.0
12533,49.5
12534,130.0
12535,106.0
12536,100.0
12537,532.0
12538,58.25
12539,78.75
12540,85.5
12541,56.5
12542,18.5
12543,191.75
12544,96.75
12545,25.7
12546,16.45
12547,76.5
12548,31.35
12549,6.6
12550,860.0
12551,333.0
12552,36.4
12553,131.0
12554,22.0
12555,46.5
12556,38.9
12557,44.25
12558,291.0
12559,333.0
12560,45.5
12561,166.0
12562,23.2
12563,15.9
12564,6.9
12565,12.2
12566,347.0
12567,31.75
12568,2305.0
12569,60.5
12570,58.75
12571,28.95
12572,286.0
12573,31.1
12574,57.5
12575,11.0
12576,523.0
12577,63.5
12578,61.5
12579,55.75
12580,9.6
12581,103.5
12582,120.0
12583,28.3
12584,72.25
12585,47.25
12586,70.0
12587,35.75
12588,106.75
12589,30.15
12590,70.0
12591,28.1
12592,378.0
12593,498.0
12594,464.0
12595,1290.0
12596,171.0
12597,120.0
12598,75.25
12599,36.5
12600,775.0
12601,81.5
12602,8.4
12603,29.6
12604,57.5
12605,537.0
12606,146.0
12607,1705.0
12608,22.2
12609,27.0
12610,20.8
12611,10.5
12612,72.0
12613,2575.0
12614,11.3
12615,221.0
12616,7.2
12617,64.75
12618,1030.0
12619,35.0
12620,25.9
12621,33.0
12622,64.0
12623,97.25
12624,122.0
12625,63.0
12626,22.2
12627,170.0
12628,72.75
12629,289.0
12630,540.0
12631,113.5
12632,66.25
12633,7.7
12634,76.5
12635,45.25
12636,73.0
12637,114.0
12638,2265.0
12639,88.25
12640,94.0
12641,81.0
12642,260.0
12643,23.2
12644,128.0
12645,26.2
12646,34.75
12647,23.1
12648,60.0
12649,30.0
12650,55.5
12651,4235.0
12652,11.0
12653,145.75
12654,229.0
12655,70.25
12656,2070.0
12657,20.8
12658,23.6
12659,54.25
12660,12.0
12661,291.0
12662,82.0
12663,66.75
12664,90.5
12665,256.0
12666,7.1
12667,55.5
12668,23.9
12669,92.25
12670,84.25
12671,68.0
12672,585.0
12673,12.9
12674,635.0
12675,35.2
12676,204.0
12677,95.25
12678,110.0
12679,76.5
12680,495.0
12681,47.25
12682,34.05
12683,10.5
12684,830.0
12685,36.95
12686,32.0
12687,24.5
12688,50.75
12689,54.0
12690,25.65
12691,11.8
12692,1625.0
12693,58.25
12694,885.0
12695,68.75
12696,53.5
12697,58.0
12698,97.75
12699,17.0
12700,97.5
12701,112.0
12702,15.6
12703,383.0
12704,15.5
12705,108.25
12706,280.0
12707,300.0
12708,27.1
12709,18.0
12710,59.25
12711,135.75
12712,31.45
12713,203.0
12714,152.0
12715,675.0
12716,20.5
12717,1515.0
12718,132.0
12719,38.25
12720,479.0
12721,47.25
12722,88.0
12723,57.75
12724,90.75
12725,13.2
12726,366.0
12727,34.75
12728,6.6
12729,785.0
12730,600.0
12731,37.2
12732,42.75
12733,8.3
12734,16.3
12735,173.0
12736,457.0
12737,10.4
12738,75.0
12739,13.1
12740,18.4
12741,74.5
12742,32.65
12743,72.75
12744,108.0
12745,87.0
12746,15.2
12747,129.5
12748,298.0
12749,23.7
12750,19.7
12751,240.0
12752,14.9
12753,16.0
12754,3055.0
12755,75.75
12756,1780.0
12757,459.0
12758,26.7
12759,330.0
12760,199.0
12761,128.25
12762,73.0
12763,75.25
12764,44.75
12765,111.25
12766,1655.0
12767,27.8
12768,35.45
12769,90.0
12770,1045.0
12771,20.6
12772,15.8
12773,585.0
12774,58.5
12775,20.4
12776,58.25
12777,309.0
12778,84.0
12779,91.5
12780,49.0
12781,16.7
12782,24.7
12783,1050.0
12784,75.5
12785,17.6
12786,196.0
12787,539.0
12788,20.4
12789,454.0
12790,106.75
12791,14.0
12792,1110.0
12793,33.95
12794,18.2
12795,40.25
12796,27.55
12797,23.8
12798,89.0
12799,14.6
12800,475.0
12801,338.0
12802,910.0
12803,22.3
12804,16.7
12805,29.5
12806,185.0
12807,170.0
12808,61.25
12809,32.8
12810,20.5
12811,16.7
12812,83.25
12813,53.25
12814,37.4
12815,290.0
12816,265.0
12817,108.75
12818,325.0
12819,100.0
12820,29.8
12821,1150.0
12822,740.0
12823,79.75
12824,498.0
12825,655.0
12826,75.25
12827,47.5
12828,496.0
12829,278.0
12830,9.4
12831,10.7
12832,55.0
12833,69.0
12834,35.75
12835,70.75
12836,60.25
12837,11.5
12838,20.3
12839,67.0
12840,319.0
12841,322.0
12842,301.0
12843,1010.0
12844,44.75
12845,229.0
12846,236.0
12847,24.9
12848,85.75
12849,54.0
12850,22.0
12851,91.0
12852,48.5
12853,259.0
12854,690.0
12855,130.0
12856,89.5
12857,314.0
12858,467.0
12859,231.0
12860,46.5
12861,12.3
12862,7.1
12863,509.0
12864,24.0
12865,2260.0
12866,15.7
12867,82.0
12868,258.0
12869,29.1
12870,276.75
12871,8.8
12872,151.0
12873,29.85
12874,105.0
12875,58.5
12876,92.0
12877,167.75
12878,268.0
12879,125.5
12880,180.0
12881,18.0
12882,1345.0
12883,144.0
12884,38.0
12885,355.0
12886,185.0
12887,705.0
12888,25.1
12889,45.0
12890,19.0
12891,44.0
12892,26.2
12893,10.6
12894,13.4
12895,90.25
12896,15.7
12897,18.7
12898,15.8
12899,79.5
12900,62.25
12901,665.0
12902,14.3
12903,7.8
12904,39.15
12905,220.0
12906,51.25
12907,124.0
12908,180.0
12909,6.8
12910,24.9
12911,330.0
12912,144.0
12913,299.0
12914,52.25
12915,129.0
12916,21.2
12917,108.75
12918,66.25
12919,11.5
12920,23.0
12921,181.0
12922,21.0
12923,84.75
12924,116.25
12925,59.0
12926,158.0
12927,1620.0
12928,111.5
12929,59.75
12930,605.0
12931,1045.0
12932,11.6
12933,6.3
12934,24.5
12935,368.0
12936,69.5
12937,24.8
12938,16.1
12939,134.75
12940,76.0
12941,6.8
12942,36.55
12943,401.0
12944,715.0
12945,30.25
12946,11.5
12947,29.75
12948,46.25
12949,14.6
12950,72.25
12951,3810.0
12952,92.0
12953,93.25
12954,24.2
12955,25.2
12956,770.0
12957,527.0
12958,8.6
12959,182.0
12960,70.0
12961,160.0
12962,120.0
12963,55.0
12964,74.0
12965,81.0
12966,74.5
12967,1455.0
12968,62.25
12969,12.5
12970,268.0
12971,120.0
12972,22.9
12973,780.0
12974,76.75
12975,180.0
12976,18.2
12977,29.9
12978,100.0
12979,59.25
12980,35.5
12981,197.0
12982,34.2
12983,11.6
12984,327.0
12985,199.0
12986,74.25
12987,281.0
12988,266.0
12989,48.5
12990,74.0
12991,100.0
12992,715.0
12993,11.4
12994,95.75
12995,426.0
12996,36.45
12997,99.0
12998,600.0
12999,63.25
13000,367.0
13001,60.25
13002,42.75
13003,68.75
13004,35.8
13005,20.1
13006,89.25
13007,145.75
13008,16.0
13009,38.5
13010,180.0
13011,29.5
13012,21.7
13013,87.95
13014,32.85
13015,15.7
13016,33.95
13017,59.75
13018,120.0
13019,18.8
13020,66.25
13021,134.0
13022,10.9
13023,82.25
13024,61.5
13025,655.0
13026,51.5
13027,204.0
13028,70.5
13029,98.5
13030,125.5
13031,71.75
13032,78.0
13033,145.0
13034,46.25
13035,82.25
13036,61.5
13037,501.0
13038,18.2
13039,100.0
13040,100.0
13041,134.75
13042,18.8
13043,10.4
13044,29.75
13045,51.0
13046,12.0
13047,77.0
13048,267.0
13049,391.0
13050,885.0
13051,226.75
13052,29.75
13053,16.8
13054,72.75
13055,2455.0
13056,211.0
13057,11.6
13058,39.25
13059,59.5
13060,1175.0
13061,150.0
13062,1135.0
13063,183.0
13064,220.0
13065,268.0
13066,103.75
13067,6.4
13068,23.9
13069,74.5
13070,90.25
13071,20.3
13072,865.0
13073,2445.0
13074,263.0
13075,13.1
13076,103.25
13077,176.0
13078,34.75
13079,110.5
13080,46.5
13081,8.6
13082,48.25
13083,380.0
13084,134.0
13085,26.9
13086,43.75
13087,295.0
13088,141.0
13089,132.0
13090,864.0
13091,21.2
13092,51.7
13093,29.75
13094,1690.0
13095,213.0
13096,297.0
13097,90.75
13098,50.75
13099,41.5
13100,76.5
13101,46.0
13102,287.0
13103,880.0
13104,77.0
13105,301.0
13106,40.75
13107,102.5
13108,35.1
13109,46.25
13110,106.25
13111,211.0
13112,17.0
13113,785.0
13114,16.2
13115,92.5
13116,30.2
13117,517.0
13118,110.0
13119,56.25
13120,60.75
13121,500.0
13122,284.0
13123,20.2
13124,64.5
13125,133.25
13126,925.0
13127,75.25
13128,51.0
13129,655.0
13130,1615.0
13131,15.2
13132,21.0
13133,272.0
13134,61.5
13135,11.0
13136,30.5
13137,8.4
13138,970.0
13139,35.5
13140,48.5
13141,4220.0
13142,7.1
13143,29.5
13144,196.0
13145,40.0
13146,135.0
13147,49.25
13148,19.3
13149,605.0
13150,120.0
13151,28.6
13152,33.1
13153,79.75
13154,3960.0
13155,186.0
13156,97.0
13157,8.1
13158,9.3
13159,151.0
13160,89.0
13161,47.75
13162,48.75
13163,49.6
13164,134.0
13165,73.0
13166,53.6
13167,59.75
13168,73.0
13169,470.0
13170,13.6
13171,24.4
13172,326.0
13173,18.0
13174,207.75
13175,32.15
13176,1265.0
13177,55.75
13178,458.0
13179,515.0
13180,66.0
13181,93.25
13182,309.0
13183,92.5
13184,600.0
13185,90.0
13186,69.0
13187,204.0
13188,350.0
13189,476.0
13190,62.25
13191,135.25
13192,80.25
13193,7.0
13194,301.0
13195,116.0
13196,41.05
13197,54.75
13198,80.5
13199,45.75
13200,23.9
13201,107.75
13202,17.0
13203,16.8
13204,136.5
13205,1305.0
13206,34.75
13207,39.9
13208,48.5
13209,52.85
13210,9.4
13211,183.0
13212,47.75
13213,56.25
13214,101.0
13215,61.5
13216,18.5
13217,53.0
13218,84.5
13219,12.8
13220,105.0
13221,106.0
13222,14.7
13223,292.0
13224,35.5
13225,78.0
13226,87.25
13227,84.5
13228,93.0
13229,7.8
13230,29.35
13231,32.15
13232,97.5
13233,15.3
13234,23.7
13235,26.1
13236,53.75
13237,294.0
13238,116.25
13239,138.0
13240,13.1
13241,40.15
13242,149.0
13243,102.0
13244,14.3
13245,86.25
13246,123.25
13247,76.0
13248,90.5
13249,48.25
13250,57.5
13251,83.5
13252,84.25
13253,267.0
13254,21.5
13255,1365.0
13256,645.0
13257,131.0
13258,98.75
13259,109.5
13260,547.0
13261,175.0
13262,48.25
13263,476.0
13264,32.25
13265,196.0
13266,68.75
13267,19.3
13268,4190.0
13269,19.6
13270,12.55
13271,24.6
13272,67.75
13273,16.9
13274,78.25
13275,100.25
13276,9.8
13277,85.0
13278,13.8
13279,1170.0
13280,63.0
13281,133.25
13282,55.75
13283,78.25
13284,6.8
13285,161.0
13286,355.0
13287,18.7
13288,6.4
13289,46.75
13290,840.0
13291,26.8
13292,132.0
13293,66.5
13294,14.7
13295,489.0
13296,84.0
13297,315.0
13298,20.0
13299,144.0
13300,105.5
13301,16.7
13302,48.0
13303,48.1
13304,41.5
13305,193.0
13306,195.0
13307,23.2
13308,1200.0
13309,1285.0
13310,49.5
13311,42.5
13312,940.0
13313,60.5
13314,488.0
13315,925.0
13316,1010.0
13317,935.0
13318,298.0
13319,32.5
13320,17.8
13321,184.0
13322,148.0
13323,227.0
13324,3270.0
13325,154.0
13326,102.0
13327,210.0
13328,170.0
13329,226.0
13330,71.75
13331,308.0
13332,492.0
13333,29.75
13334,34.1
13335,92.0
13336,27.65
13337,252.0
13338,36.45
13339,7.3
13340,18.2
13341,710.0
13342,18.3
13343,45.0
13344,17.9
13345,34.5
13346,1360.0
13347,23.25
13348,9.5
13349,17.7
13350,1265.0
13351,283.0
13352,226.0
13353,15.7
13354,19.5
13355,371.0
13356,297.0
13357,276.0
13358,60.5
13359,21.8
13360,1030.0
13361,985.0
13362,23.7
13363,88.5
13364,72.25
13365,37.0
13366,13.0
13367,37.0
13368,27.25
13369,61.0
13370,42.75
13371,45.0
13372,194.0
13373,32.05
13374,76.5
13375,160.0
13376,216.0
13377,26.8
13378,43.25
13379,15.4
13380,46.75
13381,73.5
13382,23.5
13383,38.25
13384,198.0
13385,1375.0
13386,850.0
13387,224.0
13388,610.0
13389,80.75
13390,44.25
13391,179.0
13392,78.0
13393,107.0
13394,50.0
13395,28.55
13396,36.75
13397,70.25
13398,56.0
13399,52.75
13400,119.0
13401,17.8
13402,705.0
13403,2110.0
13404,540.0
13405,178.0
13406,170.0
13407,53.0
13408,554.0
13409,18.8
13410,69.5
13411,7.1
13412,111.0
13413,35.75
13414,2835.0
13415,77.5
13416,654.0
13417,358.0
13418,19.1
13419,165.0
13420,55.25
13421,7.4
13422,730.0
13423,169.0
13424,633.0
13425,9.5
13426,1170.0
13427,19.2
13428,240.0
13429,343.0
13430,13.3
13431,52.5
13432,125.5
13433,1725.0
13434,76.0
13435,408.0
13436,8.0
13437,62.0
13438,61.5
13439,816.0
13440,69.25
13441,94.75
13442,142.75
13443,32.8
13444,44.0
13445,26.3
13446,48.2
13447,16.2
13448,77.25
13449,344.0
13450,88.25
13451,61.5
13452,68.5
13453,322.0
13454,965.0
13455,196.0
13456,34.6
13457,23.7
13458,15.9
13459,56.25
13460,166.25
13461,97.0
13462,90.0
13463,2570.0
13464,45.45
13465,360.0
13466,23.7
13467,61.75
13468,10.3
13469,262.0
13470,52.25
13471,33.1
13472,169.0
13473,1635.0
13474,272.0
13475,95.25
13476,32.85
13477,43.0
13478,54.75
13479,250.0
13480,325.0
13481,74.0
13482,334.0
13483,14.6
13484,61.75
13485,51.75
13486,51.75
13487,404.0
13488,59.75
13489,107.5
13490,220.0
13491,20.2
13492,48.65
13493,47.5
13494,118.0
13495,31.1
13496,750.0
13497,50.0
13498,50.75
13499,74.75
13500,32.65
13501,98.25
13502,6.4
13503,140.0
13504,274.75
13505,113.0
13506,535.0
13507,54.25
13508,63.0
13509,7.3
13510,47.25
13511,39.5
13512,1625.0
13513,474.0
13514,58.0
13515,20.0
13516,67.5
13517,155.0
13518,168.0
13519,10.4
13520,1615.0
13521,19.6
13522,105.5
13523,3370.0
13524,59.75
13525,800.0
13526,46.0
13527,427.0
13528,51.0
13529,115.0
13530,323.0
13531,110.25
13532,120.0
13533,17.3
13534,84.0
13535,270.0
13536,24.5
13537,1255.0
13538,119.0
13539,31.9
13540,437.0
13541,12.0
13542,27.1
13543,35.45
13544,112.75
13545,7.4
13546,510.0
13547,82.0
13548,99.5
13549,435.0
13550,36.75
13551,477.0
13552,207.0
13553,382.0
13554,675.0
13555,310.0
13556,12.6
13557,29.75
13558,126.0
13559,579.0
13560,284.0
13561,32.4
13562,108.5
13563,9.6
13564,392.0
13565,301.0
13566,37.75
13567,65.25
13568,486.0
13569,286.0
13570,7.2
13571,83.0
13572,14.5
13573,840.0
13574,44.0
13575,129.25
13576,34.0
13577,455.0
13578,565.0
13579,36.5
13580,265.0
13581,43.25
13582,45.0
13583,196.0
13584,41.4
13585,57.5
13586,15.8
13587,8.7
13588,22.9
13589,275.0
13590,470.0
13591,640.0
13592,1170.0
13593,59.0
13594,545.0
13595,64.5
13596,113.0
13597,74.5
13598,113.0
13599,249.0
13600,64.0
13601,303.0
13602,462.0
13603,37.25
13604,14.0
13605,212.0
13606,511.0
13607,14.9
13608,84.75
13609,118.0
13610,32.25
13611,11.2
13612,37.75
13613,65.5
13614,44.25
13615,100.0
13616,10.2
13617,13.2
13618,275.0
13619,720.0
13620,80.75
13621,39.0
13622,2050.0
13623,485.0
13624,579.0
13625,181.0
13626,25.1
13627,285.0
13628,425.0
13629,191.0
13630,58.0
13631,30.15
13632,58.25
13633,118.0
13634,285.0
13635,25.35
13636,83.25
13637,477.0
13638,176.0
13639,229.0
13640,19.5
13641,39.75
13642,63.75
13643,68.5
13644,1200.0
13645,96.25
13646,200.0
13647,865.0
13648,81.75
13649,37.0
13650,14.1
13651,600.0
13652,62.25
13653,79.75
13654,68.75
13655,34.85
13656,47.2
13657,11.7
13658,93.0
13659,64.0
13660,26.6
13661,45.25
13662,19.5
13663,91.0
13664,91.5
13665,23.7
13666,20.2
13667,68.0
13668,61.0
13669,137.0
13670,10.8
13671,118.0
13672,22.8
13673,42.5
13674,171.0
13675,16.6
13676,74.25
13677,284.0
13678,6.1
13679,245.0
13680,31.45
13681,975.0
13682,106.75
13683,72.5
13684,44.75
13685,35.0
13686,472.0
13687,22.7
13688,37.3
13689,666.0
13690,59.25
13691,70.25
13692,675.0
13693,26.2
13694,166.0
13695,32.5
13696,38.65
13697,286.0
13698,750.0
13699,13.8
13700,1665.0
13701,145.0
13702,16.9
13703,434.0
13704,340.0
13705,381.0
13706,177.0
13707,21.5
13708,60.5
13709,935.0
13710,270.0
13711,39.5
13712,51.5
13713,39.25
13714,1720.0
13715,3300.0
13716,123.0
13717,56.25
13718,100.5
13719,63.75
13720,124.0
13721,8.7
13722,10.5
13723,240.0
13724,96.25
13725,564.0
13726,22.4
13727,19.1
13728,101.5
13729,75.25
13730,354.0
13731,508.0
13732,300.0
13733,188.0
13734,63.5
13735,21.2
13736,32.0
13737,403.0
13738,369.0
13739,7.6
13740,55.25
13741,60.0
13742,16.5
13743,44.25
13744,74.5
13745,23.85
13746,211.0
13747,72.75
13748,39.4
13749,16.6
13750,330.0
13751,238.0
13752,98.0
13753,100.75
13754,263.0
13755,68.5
13756,74.0
13757,88.5
13758,111.0
13759,178.0
13760,9.2
13761,162.0
13762,35.5
13763,65.25
13764,28.85
13765,2450.0
13766,51.75
13767,33.6
13768,78.5
13769,1960.0
13770,301.0
13771,51.75
13772,86.0
13773,363.0
13774,575.0
13775,343.0
13776,51.25
13777,1025.0
13778,40.5
13779,17.5
13780,85.5
13781,695.0
13782,22.7
13783,1325.0
13784,83.0
13785,31.25
13786,60.5
13787,76.75
13788,16.0
13789,13.1
13790,103.75
13791,393.0
13792,69.0
13793,75.75
13794,242.0
13795,33.4
13796,107.0
13797,65.75
13798,1010.0
13799,78.25
13800,10.1
13801,52.0
13802,50.5
13803,44.25
13804,83.25
13805,143.0
13806,29.6
13807,23.3
13808,116.0
13809,44.0
13810,18.1
13811,66.75
13812,43.0
13813,364.0
13814,18.4
13815,43.0
13816,64.25
13817,88.0
13818,14.2
13819,136.75
13820,160.0
13821,109.0
13822,18.4
13823,47.5
13824,174.0
13825,107.25
13826,14.9
13827,64.5
13828,183.0
13829,36.4
13830,39.5
13831,226.0
13832,683.0
13833,305.0
13834,46.25
13835,134.0
13836,369.0
13837,63.75
13838,9.3
13839,9.5
13840,30.65
13841,25.3
13842,12.7
13843,795.0
13844,21.8
13845,326.0
13846,44.0
13847,139.0
13848,71.75
13849,66.25
13850,150.0
13851,36.0
13852,829.0
13853,112.0
13854,579.0
13855,44.25
13856,44.5
13857,69.5
13858,55.1
13859,68.75
13860,825.0
13861,11.9
13862,23.9
13863,83.0
13864,1445.0
13865,9.6
13866,33.4
13867,13.8
13868,1120.0
13869,22.1
13870,29.1
13871,780.0
13872,93.25
13873,17.7
13874,54.0
13875,30.3
13876,74.5
13877,74.0
13878,15.6
13879,66.75
13880,99.25
13881,54.25
13882,379.0
13883,9.4
13884,9.0
13885,550.0
13886,1465.0
13887,71.25
13888,49.75
13889,15.4
13890,13.2
13891,110.0
13892,303.0
13893,37.75
13894,50.0
13895,351.0
13896,84.5
13897,360.0
13898,143.0
13899,23.5
13900,17.6
13901,69.0
13902,52.25
13903,1020.0
13904,36.55
13905,43.75
13906,175.0
13907,760.0
13908,73.0
13909,12.1
13910,82.25
13911,85.5
13912,485.0
13913,216.0
13914,48.25
13915,9.6
13916,34.75
13917,12.2
13918,107.0
13919,290.0
13920,16.9
13921,142.0
13922,834.0
13923,72.0
13924,630.0
13925,271.0
13926,47.5
13927,24.6
13928,15.6
13929,7.1
13930,830.0
13931,99.0
13932,45.75
13933,480.0
13934,477.0
13935,35.75
13936,1635.0
13937,93.0
13938,16.6
13939,57.5
13940,169.0
13941,47.25
13942,188.0
13943,65.5
13944,34.6
13945,23.8
13946,54.65
13947,46.5
13948,42.9
13949,39.25
13950,80.0
13951,16.8
13952,840.0
13953,533.0
13954,45.75
13955,28.3
13956,27.25
13957,140.0
13958,220.0
13959,16.0
13960,90.75
13961,169.0
13962,442.0
13963,70.25
13964,2805.0
13965,612.0
13966,99.75
13967,44.3
13968,53.0
13969,61.5
13970,14.8
13971,25.2
13972,665.0
13973,1850.0
13974,34.75
13975,23.3
13976,37.25
13977,10.0
13978,95.5
13979,391.0
13980,41.5
13981,446.0
13982,52.25
13983,172.0
13984,96.0
13985,925.0
13986,40.45
13987,30.6
13988,105.75
13989,57.0
13990,84.0
13991,765.0
13992,68.5
13993,14.8
13994,45.75
13995,62.5
13996,28.75
13997,67.75
13998,8.7
13999,172.0
14000,483.0
14001,36.05
14002,67.25
14003,37.0
14004,104.75
14005,78.5
14006,133.0
14007,118.0
14008,23.6
14009,597.0
14010,85.75
14011,216.0
14012,1305.0
14013,13.7
14014,29.6
14015,525.0
14016,74.75
14017,181.0
14018,128.0
14019,96.75
14020,65.0
14021,56.25
14022,1385.0
14023,750.0
14024,342.0
14025,10.2
14026,31.9
14027,206.0
14028,74.0
14029,511.0
14030,63.0
14031,84.5
14032,16.0
14033,47.5
14034,92.25
14035,17.8
14036,67.0
14037,77.25
14038,32.15
14039,13.3
14040,73.0
14041,64.75
14042,19.6
14043,156.0
14044,35.0
14045,10.6
14046,356.0
14047,11.0
14048,163.0
14049,43.75
14050,21.0
14051,1960.0
14052,8.2
14053,84.75
14054,38.75
14055,207.0
14056,368.0
14057,70.0
14058,26.0
14059,29.5
14060,20.1
14061,536.0
14062,320.0
14063,1185.0
14064,8.0
14065,32.75
14066,1285.0
14067,55.0
14068,34.75
14069,17.0
14070,52.0
14071,10.1
14072,86.25
14073,372.0
14074,19.2
14075,215.0
14076,12.3
14077,453.0
14078,39.5
14079,35.25
14080,36.25
14081,413.0
14082,62.0
14083,43.0
14084,9.8
14085,574.0
14086,461.0
14087,12.5
14088,96.5
14089,675.0
14090,62.25
14091,47.25
14092,64.75
14093,13.8
14094,74.5
14095,29.5
14096,210.0
14097,71.0
14098,44.5
14099,54.0
14100,1255.0
14101,26.5
14102,64.5
14103,35.0
14104,8.8
14105,60.0
14106,275.0
14107,105.0
14108,298.0
14109,289.0
14110,72.5
14111,100.0
14112,904.0
14113,43.0
14114,600.0
14115,144.0
14116,123.0
14117,34.25
14118,21.0
14119,9.9
14120,337.0
14121,76.25
14122,104.75
14123,36.5
14124,290.0
14125,45.75
14126,27.25
14127,149.0
14128,67.25
14129,965.0
14130,13.3
14131,59.0
14132,60.0
14133,30.0
14134,1795.0
14135,54.5
14136,8.8
14137,75.75
14138,14.9
14139,43.75
14140,156.75
14141,13.6
14142,89.75
14143,66.25
14144,29.1
14145,10.7
14146,67.75
14147,15.0
14148,139.75
14149,36.25
14150,47.75
14151,87.25
14152,75.75
14153,158.0
14154,393.0
14155,259.0
14156,37.5
14157,119.0
14158,70.25
14159,84.75
14160,227.0
14161,26.5
14162,195.0
14163,7.7
14164,31.35
14165,24.5
14166,109.25
14167,82.0
14168,79.75
14169,25.85
14170,294.0
14171,166.0
14172,230.0
14173,16.5
14174,488.0
14175,860.0
14176,298.0
14177,23.9
14178,9.2
14179,73.75
14180,26.7
14181,101.0
14182,325.0
14183,66.75
14184,76.75
14185,3560.0
14186,29.55
14187,1220.0
14188,86.25
14189,63.5
14190,14.6
14191,69.25
14192,31.15
14193,76.0
14194,22.3
14195,28.2
14196,9.2
14197,184.0
14198,19.2
14199,52.5
14200,26.2
14201,511.0
14202,19.7
14203,47.35
14204,241.0
14205,20.1
14206,340.0
14207,680.0
14208,347.0
14209,18.4
14210,260.0
14211,141.0
14212,26.55
14213,59.25
14214,82.4
14215,970.0
14216,1635.0
14217,183.0
14218,18.0
14219,214.0
14220,800.0
14221,30.25
14222,24.15
14223,541.0
14224,80.25
14225,58.25
14226,40.0
14227,53.0
14228,161.0
14229,46.5
14230,152.0
14231,34.9
14232,90.5
14233,18.7
14234,10.9
14235,18.3
14236,13.4
14237,13.2
14238,84.5
14239,14.2
14240,12.6
14241,59.5
14242,140.0
14243,809.0
14244,17.9
14245,1320.0
14246,43.0
14247,57.25
14248,33.75
14249,83.5
14250,740.0
14251,8.3
14252,18.2
14253,149.0
14254,700.0
14255,47.75
14256,93.75
14257,359.0
14258,33.95
14259,1295.0
14260,46.25
14261,850.0
14262,386.0
14263,43.25
14264,367.0
14265,890.0
14266,158.0
14267,850.0
14268,29.1
14269,210.0
14270,142.0
14271,103.75
14272,71.0
14273,54.25
14274,25.6
14275,73.5
14276,384.0
14277,44.0
14278,860.0
14279,84.25
14280,499.0
14281,39.4
14282,19.9
14283,52.75
14284,11.0
14285,11.3
14286,374.0
14287,47.75
14288,73.25
14289,42.5
14290,605.0
14291,25.3
14292,71.75
14293,1530.0
14294,49.95
14295,264.75
14296,46.25
14297,106.0
14298,41.75
14299,242.0
14300,112.0
14301,201.0
14302,403.0
14303,910.0
14304,21.2
14305,24.6
14306,323.0
14307,28.75
14308,406.0
14309,36.45
14310,17.8
14311,51.5
14312,467.0
14313,720.0
14314,274.0
14315,17.2
14316,21.3
14317,180.0
14318,59.0
14319,331.0
14320,300.0
14321,13.5
14322,11.7
14323,52.5
14324,24.9
14325,14.4
14326,10.3
14327,22.7
14328,76.25
14329,1650.0
14330,1925.0
14331,12.8
14332,151.0
14333,209.0
14334,28.95
14335,285.0
14336,152.0
14337,50.5
14338,40.25
14339,90.75
14340,68.25
14341,302.0
14342,1190.0
14343,88.0
14344,9.3
14345,10.5
14346,18.1
14347,17.6
14348,8.5
14349,455.0
14350,109.0
14351,55.25
14352,157.0
14353,180.0
14354,840.0
14355,79.5
14356,40.6
14357,710.0
14358,16.0
14359,141.0
14360,59.5
14361,16.8
14362,34.65
14363,535.0
14364,159.0
14365,83.5
14366,25.6
14367,68.25
14368,13.8
14369,95.5
14370,10.2
14371,46.0
14372,19.3
14373,229.0
14374,19.0
14375,19.6
14376,66.75
14377,90.5
14378,138.0
14379,44.25
14380,140.0
14381,107.25
14382,72.5
14383,440.0
14384,70.25
14385,810.0
14386,51.5
14387,87.25
14388,390.0
14389,38.4
14390,102.0
14391,127.0
14392,39.0
14393,38.25
14394,183.0
14395,7.3
14396,53.25
14397,414.0
14398,76.5
14399,169.0
14400,77.5
14401,505.0
14402,373.0
14403,52.5
14404,745.0
14405,70.5
14406,3750.0
14407,731.0
14408,96.25
14409,49.75
14410,28.4
14411,47.5
14412,221.0
14413,107.0
14414,37.25
14415,123.0
14416,25.65
14417,54.75
14418,49.0
14419,61.5
14420,7.8
14421,75.25
14422,1315.0
14423,9.0
14424,14.8
14425,76.0
14426,49.25
14427,183.5
14428,845.0
14429,51.75
14430,30.2
14431,84.75
14432,56.5
14433,158.0
14434,164.0
14435,46.25
14436,85.75
14437,110.0
14438,18.6
14439,51.25
14440,700.0
14441,392.0
14442,77.0
14443,364.0
14444,55.0
14445,104.75
14446,122.0
14447,86.25
14448,8.4
14449,59.5
14450,100.0
14451,292.0
14452,83.25
14453,55.75
14454,26.2
14455,12.9
14456,86.75
14457,13.2
14458,48.0
14459,526.0
14460,130.0
14461,51.75
14462,6.0
14463,31.55
14464,452.0
14465,14.4
14466,17.8
14467,87.0
14468,147.0
14469,75.5
14470,504.0
14471,7.8
14472,59.25
14473,43.25
14474,174.75
14475,10.3
14476,82.75
14477,198.0
14478,46.5
14479,70.75
14480,434.0
14481,39.5
14482,15.3
14483,16.9
14484,50.75
14485,146.0
14486,1290.0
14487,377.0
14488,1285.0
14489,45.75
14490,27.7
14491,32.35
14492,64.75
14493,925.0
14494,9.3
14495,77.0
14496,81.5
14497,196.0
14498,95.25
14499,61.75
14500,965.0
14501,2500.0
14502,321.0
14503,35.2
14504,36.75
14505,271.0
14506,233.0
14507,86.25
14508,54.35
14509,312.0
14510,18.8
14511,45.5
14512,910.0
14513,30.75
14514,65.0
14515,51.25
14516,29.2
14517,40.2
14518,25.05
14519,67.5
14520,250.0
14521,2510.0
14522,373.0
14523,176.0
14524,6.7
14525,303.0
14526,125.0
14527,75.5
14528,23.5
14529,20.8
14530,27.1
14531,102.75
14532,1405.0
14533,125.0
14534,98.75
14535,57.0
14536,18.8
14537,55.75
14538,78.75
14539,54.25
14540,24.0
14541,113.0
14542,23.2
14543,78.0
14544,121.75
14545,50.8
14546,396.0
14547,263.0
14548,53.75
14549,304.0
14550,830.0
14551,29.75
14552,90.5
14553,147.0
14554,294.0
14555,51.75
14556,110.0
14557,15.8
14558,67.0
14559,1280.0
14560,9.6
14561,24.7
14562,27.2
14563,7.1
14564,7.3
14565,9.9
14566,20.2
14567,178.0
14568,14.9
14569,8.6
14570,57.75
14571,10.0
14572,23.0
14573,31.5
14574,139.0
14575,56.0
14576,30.95
14577,56.5
14578,222.0
14579,87.5
14580,48.5
14581,710.0
14582,3950.0
14583,97.25
14584,10.0
14585,52.35
14586,565.0
14587,498.0
14588,87.75
14589,129.25
14590,145.0
14591,40.5
14592,305.0
14593,306.0
14594,32.45
14595,76.75
14596,35.65
14597,29.55
14598,28.9
14599,103.75
14600,850.0
14601,41.25
14602,74.25
14603,34.0
14604,15.9
14605,108.75
14606,44.5
14607,102.75
14608,35.1
14609,600.0
14610,830.0
14611,1120.0
14612,70.0
14613,11.4
14614,804.0
14615,397.0
14616,33.4
14617,138.0
14618,41.5
14619,64.25
14620,463.0
14621,34.25
14622,72.5
14623,115.75
14624,90.5
14625,192.0
14626,2440.0
14627,149.0
14628,40.25
14629,3940.0
14630,72.25
14631,33.25
14632,49.25
14633,56.0
14634,19.9
14635,16.3
14636,78.0
14637,920.0
14638,8.7
14639,152.75
14640,38.65
14641,14.9
14642,73.75
14643,69.5
14644,15.2
14645,291.0
14646,288.0
14647,900.0
14648,85.75
14649,242.0
14650,39.75
14651,490.0
14652,40.5
14653,126.5
14654,160.0
14655,81.0
14656,566.0
14657,334.0
14658,268.0
14659,2120.0
14660,36.5
14661,57.0
14662,47.5
14663,25.5
14664,145.0
14665,502.0
14666,9.6
14667,32.5
14668,60.5
14669,15.5
14670,68.75
14671,76.5
14672,121.75
14673,34.85
14674,225.0
14675,89.0
14676,80.0
14677,52.75
14678,409.0
14679,14.9
14680,401.0
14681,12.8
14682,18.2
14683,272.0
14684,442.0
14685,6.9
14686,88.75
14687,381.0
14688,9.0
14689,168.0
14690,61.5
14691,32.25
14692,106.5
14693,20.1
14694,367.0
14695,405.0
14696,51.55
14697,11.0
14698,900.0
14699,68.25
14700,93.0
14701,38.5
14702,90.5
14703,42.5
14704,391.0
14705,47.5
14706,29.9
14707,351.0
14708,10.9
14709,145.0
14710,298.0
14711,45.5
14712,53.15
14713,13.3
14714,3980.0
14715,282.0
14716,31.2
14717,84.0
14718,33.75
14719,178.0
14720,35.15
14721,76.0
14722,13.0
14723,64.0
14724,27.25
14725,71.25
14726,64.0
14727,411.0
14728,11.0
14729,20.0
14730,2525.0
14731,643.0
14732,88.25
14733,512.0
14734,235.0
14735,402.0
14736,82.25
14737,428.0
14738,1420.0
14739,623.0
14740,165.75
14741,104.0
14742,101.0
14743,358.0
14744,37.9
14745,17.2
14746,10.7
14747,23.1
14748,1880.0
14749,180.0
14750,59.0
14751,87.5
14752,9.9
14753,17.7
14754,1350.0
14755,128.0
14756,17.2
14757,53.0
14758,13.6
14759,91.5
14760,15.4
14761,86.0
14762,49.75
14763,127.0
14764,2965.0
14765,1350.0
14766,30.65
14767,437.0
14768,51.25
14769,7.9
14770,492.0
14771,910.0
14772,418.0
14773,655.0
14774,7.8
14775,74.75
14776,263.0
14777,92.75
14778,22.2
14779,29.3
14780,308.0
14781,137.0
14782,1260.0
14783,50.25
14784,460.0
14785,21.1
14786,114.0
14787,21.0
14788,9.1
14789,885.0
14790,95.5
14791,274.0
14792,13.4
14793,262.0
14794,159.0
14795,10.1
14796,560.0
14797,72.0
14798,7.0
14799,42.0
14800,79.0
14801,12.5
14802,59.25
14803,84.25
14804,84.25
14805,60.0
14806,35.5
14807,1575.0
14808,60.25
14809,16.1
14810,103.75
14811,49.75
14812,43.5
14813,16.4
14814,21.9
14815,77.5
14816,250.0
14817,111.75
14818,148.0
14819,855.0
14820,79.5
14821,87.75
14822,57.25
14823,44.8
14824,167.0
14825,2005.0
14826,34.9
14827,100.0
14828,123.5
14829,132.75
14830,45.5
14831,23.8
14832,112.0
14833,15.0
14834,2715.0
14835,65.25
14836,20.0
14837,74.75
14838,309.0
14839,721.0
14840,56.25
14841,62.5
14842,7.5
14843,103.5
14844,980.0
14845,168.0
14846,33.5
14847,82.0
14848,84.0
14849,55.5
14850,110.0
14851,18.6
14852,30.3
14853,20.9
14854,38.55
14855,90.75
14856,401.0
14857,790.0
14858,70.25
14859,503.0
14860,227.0
14861,9.7
14862,39.0
14863,151.0
14864,186.0
14865,47.95
14866,183.0
14867,300.0
14868,16.8
14869,8.4
14870,74.25
14871,324.0
14872,376.0
14873,209.0
14874,100.0
14875,59.25
14876,29.2
14877,90.25
14878,16.6
14879,188.0
14880,51.25
14881,25.9
14882,49.5
14883,721.0
14884,855.0
14885,99.75
14886,152.0
14887,149.0
14888,7.4
14889,67.5
14890,29.3
14891,27.5
14892,85.0
14893,68.75
14894,1560.0
14895,9.3
14896,313.0
14897,84.75
14898,22.9
14899,155.0
14900,11.5
14901,36.2
14902,57.25
14903,7.5
14904,53.75
14905,68.75
14906,357.0
14907,8.0
14908,64.25
14909,14.1
14910,86.75
14911,19.0
14912,24.35
14913,32.05
14914,100.25
14915,101.5
14916,750.0
14917,522.0
14918,33.5
14919,63.5
14920,145.75
14921,1870.0
14922,45.0
14923,81.25
14924,1810.0
14925,18.1
14926,720.0
14927,103.5
14928,69.5
14929,129.0
14930,8.1
14931,35.75
14932,13.2
14933,395.0
14934,19.3
14935,47.25
14936,13.9
14937,44.5
14938,685.0
14939,473.0
14940,320.0
14941,47.5
14942,120.0
14943,47.0
14944,217.0
14945,94.25
14946,39.25
14947,60.25
14948,117.0
14949,770.0
14950,42.35
14951,54.25
14952,231.0
14953,33.0
14954,1155.0
14955,21.7
14956,9.7
14957,38.0
14958,88.0
14959,805.0
14960,81.0
14961,31.2
14962,42.75
14963,33.95
14964,50.5
14965,33.65
14966,101.0
14967,690.0
14968,211.0
14969,75.75
14970,111.25
14971,1805.0
14972,769.0
14973,58.5
14974,20.1
14975,26.2
14976,1795.0
14977,33.9
14978,2940.0
14979,850.0
14980,48.5
14981,59.75
14982,124.0
14983,750.0
14984,61.25
14985,101.0
14986,50.5
14987,132.0
14988,28.45
14989,23.5
14990,237.0
14991,640.0
14992,28.0
14993,780.0
14994,6.0
14995,35.7
14996,32.3
14997,860.0
14998,57.75
14999,133.0
15000,51.75
15001,173.0
15002,42.25
15003,428.0
15004,7.4
15005,905.0
15006,10.7
15007,19.9
15008,31.2
15009,960.0
15010,39.15
15011,26.8
15012,30.8
15013,67.5
15014,25.7
15015,120.0
15016,35.25
15017,60.5
15018,24.15
15019,66.0
15020,41.25
15021,17.2
15022,105.0
15023,54.75
15024,52.1
15025,31.2
15026,28.8
15027,65.75
15028,40.0
15029,449.0
15030,57.5
15031,2275.0
15032,473.0
15033,36.5
15034,89.5
15035,28.15
15036,43.25
15037,183.0
15038,26.55
15039,174.0
15040,23.6
15041,52.25
15042,75.0
15043,685.0
15044,104.25
15045,64.75
15046,230.0
15047,47.5
15048,700.0
15049,58.0
15050,38.25
15051,515.0
15052,37.5
15053,59.75
15054,9.7
15055,69.25
15056,1000.0
15057,189.0
15058,865.0
15059,57.5
15060,3195.0
15061,36.75
15062,76.75
15063,79.0
15064,1025.0
15065,288.0
15066,57.0
15067,10.6
15068,25.4
15069,464.0
15070,25.6
15071,47.75
15072,296.0
15073,151.25
15074,182.0
15075,59.0
15076,370.0
15077,13.0
15078,474.0
15079,132.0
15080,57.5
15081,291.0
15082,20.3
15083,247.0
15084,179.0
15085,29.95
15086,70.75
15087,90.25
15088,12.7
15089,87.5
15090,16.8
15091,21.1
15092,2910.0
15093,372.0
15094,56.25
15095,468.0
15096,36.7
15097,228.0
15098,84.75
15099,1240.0
15100,463.0
15101,23.4
15102,3945.0
15103,44.25
15104,53.25
15105,18.2
15106,29.0
15107,65.0
15108,51.25
15109,7.2
15110,25.7
15111,63.75
15112,542.0
15113,135.0
15114,60.5
15115,105.5
15116,800.0
15117,29.9
15118,179.0
15119,825.0
15120,86.0
15121,39.0
15122,44.75
15123,406.0
15124,170.0
15125,6.2
15126,81.5
15127,38.0
15128,296.0
15129,172.0
15130,65.5
15131,1800.0
15132,1230.0
15133,16.8
15134,79.75
15135,27.45
15136,36.2
15137,80.0
15138,43.5
15139,12.1
15140,85.0
15141,145.0
15142,547.0
15143,61.5
15144,50.0
15145,21.9
15146,99.0
15147,960.0
15148,66.0
15149,78.25
15150,319.0
15151,379.0
15152,50.0
15153,35.55
15154,2485.0
15155,546.0
15156,111.0
15157,54.15
15158,342.0
15159,282.0
15160,57.0
15161,45.0
15162,48.5
15163,12.5
15164,114.5
15165,31.75
15166,229.0
15167,267.0
15168,67.75
15169,185.75
15170,12.4
15171,95.25
15172,2205.0
15173,325.0
15174,21.65
15175,516.0
15176,11.6
15177,17.4
15178,248.0
15179,495.0
15180,48.0
15181,38.75
15182,67.25
15183,53.5
15184,299.0
15185,22.5
15186,43.4
15187,219.0
15188,83.75
15189,169.0
15190,100.0
15191,109.0
15192,17.9
15193,48.35
15194,66.75
15195,915.0
15196,16.8
15197,14.6
15198,38.0
15199,19.3
15200,76.0
15201,112.0
15202,112.5
15203,73.0
15204,72.5
15205,95.25
15206,79.0
15207,442.0
15208,79.25
15209,65.5
15210,26.0
15211,1220.0
15212,240.0
15213,81.0
15214,18.5
15215,37.25
15216,25.8
15217,60.5
15218,79.25
15219,10.3
15220,507.0
15221,87.25
15222,70.75
15223,1235.0
15224,48.2
15225,24.0
15226,1405.0
15227,53.5
15228,24.5
15229,44.75
15230,159.0
15231,9.4
15232,14.5
15233,16.2
15234,32.4
15235,46.0
15236,910.0
15237,56.25
15238,86.5
15239,17.8
15240,13.8
15241,11.0
15242,383.0
15243,32.1
15244,38.75
15245,302.0
15246,180.0
15247,185.75
15248,219.0
15249,25.0
15250,1260.0
15251,24.6
15252,95.75
15253,577.0
15254,15.5
15255,1000.0
15256,52.75
15257,73.25
15258,28.95
15259,54.5
15260,58.1
15261,26.95
15262,128.0
15263,51.25
15264,214.0
15265,31.25
15266,70.0
15267,187.0
15268,50.25
15269,140.0
15270,53.75
15271,13.3
15272,24.5
15273,650.0
15274,36.5
15275,34.9
15276,180.0
15277,52.75
15278,91.0
15279,44.25
15280,57.75
15281,117.0
15282,31.7
15283,17.8
15284,58.0
15285,26.8
15286,44.5
15287,192.0
15288,29.9
15289,28.85
15290,37.5
15291,10.4
15292,600.0
15293,74.25
15294,6.0
15295,8.0
15296,328.0
15297,324.0
15298,40.15
15299,44.0
15300,135.0
15301,14.8
15302,10.9
15303,75.5
15304,204.0
15305,51.25
15306,11.6
15307,1655.0
15308,28.9
15309,19.1
15310,15.3
15311,48.0
15312,514.0
15313,665.0
15314,79.25
15315,10.8
15316,23.85
15317,39.0
15318,231.0
15319,38.25
15320,58.0
15321,251.0
15322,240.0
15323,2815.0
15324,1150.0
15325,34.75
15326,228.0
15327,28.7
15328,48.25
15329,3325.0
15330,27.9
15331,66.0
15332,39.25
15333,15.8
15334,65.5
15335,258.0
15336,17.8
15337,32.8
15338,40.3
15339,37.35
15340,15.6
15341,17.9
15342,59.25
15343,15.5
15344,645.0
15345,44.25
15346,145.0
15347,215.0
15348,19.3
15349,114.25
15350,38.25
15351,750.0
15352,70.5
15353,72.25
15354,15.4
15355,63.75
15356,57.4
15357,491.0
15358,88.75
15359,25.0
15360,7.3
15361,77.5
15362,50.0
15363,501.0
15364,50.25
15365,487.0
15366,83.5
15367,53.25
15368,483.0
15369,42.25
15370,16.0
15371,730.0
15372,19.8
15373,1530.0
15374,1575.0
15375,109.25
15376,93.75
15377,23.55
15378,28.1
15379,280.0
15380,2060.0
15381,309.0
15382,177.0
15383,204.0
15384,73.25
15385,12.4
15386,905.0
15387,42.25
15388,13.1
15389,26.4
15390,27.6
15391,24.3
15392,75.0
15393,990.0
15394,46.1
15395,16.8
15396,109.0
15397,37.0
15398,15.8
15399,72.25
15400,1005.0
15401,7.0
15402,185.0
15403,37.25
15404,835.0
15405,94.5
15406,44.5
15407,29.8
15408,50.25
15409,135.0
15410,85.5
15411,137.0
15412,288.0
15413,127.0
15414,53.25
15415,30.45
15416,21.3
15417,76.25
15418,15.1
15419,47.25
15420,11.8
15421,528.0
15422,297.0
15423,18.9
15424,26.1
15425,60.5
15426,43.25
15427,13.1
15428,42.5
15429,78.5
15430,82.25
15431,84.25
15432,128.0
15433,113.5
15434,35.5
15435,44.75
15436,2570.0
15437,12.7
15438,86.5
15439,74.75
15440,48.0
15441,59.25
15442,17.8
15443,23.75
15444,38.15
15445,680.0
15446,1600.0
15447,825.0
15448,1495.0
15449,156.0
15450,90.5
15451,334.0
15452,52.75
15453,81.5
15454,15.1
15455,134.0
15456,29.4
15457,168.0
15458,59.0
15459,28.2
15460,550.0
15461,90.0
15462,11.8
15463,121.0
15464,28.7
15465,13.8
15466,39.5
15467,44.0
15468,537.0
15469,740.0
15470,89.25
15471,21.9
15472,63.0
15473,56.75
15474,316.0
15475,16.9
15476,95.5
15477,93.0
15478,25.35
15479,65.5
15480,37.0
15481,3010.0
15482,30.0
15483,48.25
15484,488.0
15485,107.0
15486,562.0
15487,49.25
15488,91.25
15489,81.0
15490,1690.0
15491,79.5
15492,25.4
15493,34.1
15494,3245.0
15495,68.75
15496,76.25
15497,85.5
15498,62.5
15499,47.25
15500,95.0
15501,89.25
15502,186.0
15503,58.75
15504,46.95
15505,487.0
15506,69.0
15507,40.1
15508,37.45
15509,77.25
15510,26.4
15511,6.7
15512,21.5
15513,42.5
15514,32.1
15515,19.0
15516,79.0
15517,262.0
15518,1030.0
15519,24.8
15520,43.25
15521,114.0
15522,36.5
15523,34.0
15524,935.0
15525,167.0
15526,77.0
15527,64.75
15528,88.5
15529,64.75
15530,7.7
15531,271.0
15532,12.4
15533,23.7
15534,128.0
15535,95.5
15536,56.5
15537,71.25
15538,38.5
15539,86.5
15540,36.25
15541,554.0
15542,6.4
15543,35.0
15544,11.4
15545,45.65
15546,56.5
15547,72.5
15548,81.0
15549,53.75
15550,172.0
15551,67.5
15552,30.0
15553,119.25
15554,6.9
15555,322.0
15556,52.5
15557,390.0
15558,354.0
15559,600.0
15560,77.5
15561,80.5
15562,333.0
15563,339.0
15564,197.0
15565,301.0
15566,208.0
15567,730.0
15568,24.9
15569,113.5
15570,69.0
15571,28.1
15572,343.0
15573,118.5
15574,560.0
15575,9.9
15576,64.25
15577,328.0
15578,1815.0
15579,65.0
15580,28.2
15581,2260.0
15582,32.5
15583,139.0
15584,160.0
15585,311.0
15586,885.0
15587,1770.0
15588,52.0
15589,41.0
15590,12.1
15591,61.75
15592,910.0
15593,37.5
15594,93.5
15595,265.0
15596,80.0
15597,52.5
15598,402.0
15599,59.25
15600,290.0
15601,985.0
15602,44.5
15603,33.05
15604,12.1
15605,288.0
15606,63.5
15607,55.75
15608,9.8
15609,65.75
15610,23.2
15611,49.0
15612,1220.0
15613,10.1
15614,34.0
15615,487.0
15616,332.0
15617,232.0
15618,134.0
15619,8.7
15620,147.0
15621,635.0
15622,18.3
15623,351.0
15624,33.3
15625,110.0
15626,69.75
15627,248.0
15628,72.75
15629,438.0
15630,17.9
15631,136.0
15632,80.75
15633,18.8
15634,31.3
15635,42.0
15636,60.0
15637,29.8
15638,302.0
15639,112.25
15640,157.0
15641,695.0
15642,49.0
15643,18.4
15644,63.0
15645,10.3
15646,24.9
15647,188.0
15648,12.9
15649,30.7
15650,39.75
15651,120.5
15652,40.75
15653,26.6
15654,54.5
15655,1430.0
15656,133.0
15657,373.0
15658,372.0
15659,179.0
15660,84.25
15661,290.0
15662,50.0
15663,785.0
15664,82.0
15665,88.25
15666,14.9
15667,345.0
15668,60.5
15669,10.0
15670,18.1
15671,81.5
15672,12.8
15673,12.8
15674,314.0
15675,8.6
15676,375.0
15677,93.0
15678,34.25
15679,58.0
15680,116.75
15681,501.0
15682,28.05
15683,19.9
15684,124.5
15685,23.7
15686,127.0
15687,456.0
15688,41.25
15689,19.6
15690,43.0
15691,22.3
15692,90.5
15693,407.0
15694,305.0
15695,137.0
15696,161.75
15697,810.0
15698,33.2
15699,140.0
15700,48.0
15701,18.5
15702,37.5
15703,54.75
15704,45.4
15705,36.15
15706,27.9
15707,26.1
15708,73.5
15709,47.25
15710,30.05
15711,725.0
15712,19.4
15713,600.0
15714,7.0
15715,21.6
15716,44.5
15717,80.25
15718,39.9
15719,37.5
15720,835.0
15721,1770.0
15722,68.0
15723,371.0
15724,48.0
15725,42.5
15726,153.0
15727,62.75
15728,66.25
15729,183.0
15730,46.0
15731,41.0
15732,25.8
15733,202.0
15734,23.2
15735,71.75
15736,25.4
15737,104.0
15738,25.5
15739,35.6
15740,86.0
15741,499.0
15742,39.65
15743,184.0
15744,86.5
15745,49.75
15746,815.0
15747,296.0
15748,10.2
15749,600.0
15750,114.75
15751,336.0
15752,58.75
15753,69.75
15754,201.0
15755,71.25
15756,133.0
15757,750.0
15758,3640.0
15759,30.4
15760,12.0
15761,98.5
15762,18.8
15763,28.25
15764,77.5
15765,78.5
15766,350.0
15767,83.25
15768,97.75
15769,65.1
15770,100.25
15771,290.0
15772,27.3
15773,710.0
15774,367.0
15775,28.95
15776,6.4
15777,20.3
15778,10.5
15779,35.2
15780,32.65
15781,58.0
15782,28.1
15783,31.65
15784,15.7
15785,44.25
15786,448.0
15787,252.0
15788,103.5
15789,60.25
15790,6.0
15791,75.0
15792,165.0
15793,43.6
15794,38.75
15795,113.0
15796,43.25
15797,237.0
15798,179.0
15799,81.75
15800,170.0
15801,42.5
15802,69.75
15803,54.2
15804,2500.0
15805,156.0
15806,340.0
15807,10.8
15808,189.0
15809,26.8
15810,1015.0
15811,102.25
15812,25.8
15813,26.0
15814,386.0
15815,271.0
15816,28.1
15817,84.5
15818,76.75
15819,121.0
15820,66.0
15821,231.0
15822,35.95
15823,71.5
15824,570.0
15825,50.0
15826,48.75
15827,14.1
15828,40.0
15829,21.8
15830,36.5
15831,870.0
15832,114.0
15833,73.25
15834,955.0
15835,186.0
15836,72.0
15837,17.3
15838,60.75
15839,180.0
15840,1010.0
15841,36.65
15842,57.5
15843,333.0
15844,169.0
15845,75.5
15846,108.0
15847,70.75
15848,42.75
15849,89.75
15850,48.25
15851,60.75
15852,59.0
15853,132.0
15854,765.0
15855,12.2
15856,88.75
15857,1170.0
15858,51.0
15859,39.25
15860,52.75
15861,26.3
15862,221.0
15863,63.5
15864,111.75
15865,23.1
15866,42.75
15867,43.25
15868,85.0
15869,25.8
15870,350.0
15871,20.0
15872,14.6
15873,24.25
15874,217.0
15875,17.2
15876,105.0
15877,40.0
15878,98.75
15879,89.5
15880,590.0
15881,30.05
15882,1985.0
15883,61.25
15884,375.0
15885,895.0
15886,12.9
15887,1225.0
15888,98.0
15889,31.9
15890,15.1
15891,550.0
15892,66.75
15893,399.0
15894,23.9
15895,27.45
15896,3780.0
15897,106.0
15898,78.5
15899,11.1
15900,449.0
15901,67.25
15902,37.25
15903,55.5
15904,40.0
15905,9.7
15906,59.5
15907,66.5
15908,11.3
15909,77.5
15910,211.0
15911,308.0
15912,86.75
15913,850.0
15914,78.75
15915,54.0
15916,2095.0
15917,25.9
15918,370.0
15919,7.6
15920,39.0
15921,985.0
15922,129.0
15923,89.0
15924,640.0
15925,7.3
15926,48.0
15927,18.7
15928,700.0
15929,9.1
15930,303.0
15931,40.5
15932,13.6
15933,48.0
15934,738.0
15935,50.75
15936,70.0
15937,45.0
15938,307.0
15939,24.6
15940,75.75
15941,42.25
15942,150.25
15943,232.0
15944,81.5
15945,595.0
15946,9.2
15947,46.5
15948,92.25
15949,43.0
15950,73.5
15951,1045.0
15952,201.0
15953,39.0
15954,121.5
15955,118.0
15956,377.0
15957,3025.0
15958,1020.0
15959,970.0
15960,28.9
15961,120.0
15962,16.4
15963,391.0
15964,41.25
15965,68.0
15966,880.0
15967,18.4
15968,28.6
15969,275.0
15970,362.0
15971,123.75
15972,82.5
15973,277.0
15974,28.25
15975,11.3
15976,655.0
15977,67.75
15978,1535.0
15979,350.0
15980,163.0
15981,113.5
15982,15.7
15983,184.0
15984,6.4
15985,47.75
15986,72.25
15987,1100.0
15988,36.75
15989,139.0
15990,554.0
15991,82.5
15992,2490.0
15993,50.25
15994,93.0
15995,24.0
15996,780.0
15997,302.0
15998,63.75
15999,46.25
16000,8.6
16001,1265.0
16002,23.6
16003,181.0
16004,2885.0
16005,33.35
16006,13.7
16007,61.0
16008,157.0
16009,84.0
16010,322.0
16011,91.0
16012,47.75
16013,790.0
16014,102.25
16015,499.0
16016,28.1
16017,50.75
16018,28.5
16019,120.25
16020,700.0
16021,36.85
16022,7.0
16023,180.0
16024,26.9
16025,1190.0
16026,74.25
16027,26.6
16028,850.0
16029,41.0
16030,29.7
16031,60.0
16032,31.3
16033,110.0
16034,12.6
16035,1125.0
16036,95.75
16037,340.0
16038,234.0
16039,51.5
16040,44.5
16041,77.0
16042,44.25
16043,73.25
16044,24.6
16045,80.5
16046,87.75
16047,93.25
16048,62.0
16049,29.35
16050,76.75
16051,52.0
16052,90.25
16053,102.75
16054,13.4
16055,40.0
16056,77.75
16057,9.4
16058,39.0
16059,181.0
16060,62.0
16061,199.0
16062,99.75
16063,70.0
16064,26.7
16065,16.6
16066,103.0
16067,104.5
16068,41.5
16069,29.25
16070,13.2
16071,60.5
16072,56.5
16073,650.0
16074,69.25
16075,2030.0
16076,307.0
16077,1030.0
16078,22.9
16079,52.5
16080,74.75
16081,458.0
16082,31.0
16083,84.75
16084,21.9
16085,47.4
16086,45.5
16087,25.0
16088,29.8
16089,56.5
16090,43.95
16091,47.0
16092,38.0
16093,49.0
16094,8.2
16095,396.0
16096,106.75
16097,8.8
16098,537.0
16099,649.0
16100,253.0
16101,373.0
16102,172.0
16103,133.0
16104,40.5
16105,9.8
16106,63.5
16107,86.0
16108,76.5
16109,498.0
16110,52.75
16111,132.0
16112,655.0
16113,46.0
16114,105.25
16115,47.45
16116,520.0
16117,44.0
16118,15.4
16119,372.0
16120,55.5
16121,35.5
16122,9.5
16123,51.75
16124,287.0
16125,89.75
16126,86.25
16127,25.4
16128,35.75
16129,29.2
16130,121.25
16131,47.75
16132,127.0
16133,71.0
16134,62.5
16135,55.25
16136,12.7
16137,77.75
16138,34.6
16139,13.5
16140,452.0
16141,269.0
16142,127.0
16143,58.0
16144,107.5
16145,97.5
16146,19.3
16147,104.25
16148,332.0
16149,64.0
16150,72.0
16151,249.0
16152,79.25
16153,236.0
16154,805.0
16155,86.25
16156,18.5
16157,83.75
16158,45.0
16159,164.0
16160,22.8
16161,33.9
16162,7.6
16163,321.0
16164,555.0
16165,10.3
16166,70.75
16167,940.0
16168,120.5
16169,70.0
16170,78.5
16171,10.2
16172,1005.0
16173,298.0
16174,414.0
16175,25.0
16176,101.0
16177,1055.0
16178,60.0
16179,8.7
16180,790.0
16181,31.9
16182,108.0
16183,783.5
16184,555.0
16185,417.0
16186,13.4
16187,21.8
16188,164.0
16189,68.5
16190,62.25
16191,1500.0
16192,371.0
16193,6.7
16194,203.0
16195,118.0
16196,41.5
16197,423.0
16198,189.0
16199,86.5
16200,92.5
16201,169.0
16202,337.0
16203,665.0
16204,35.0
16205,88.25
16206,63.0
16207,150.0
16208,37.5
16209,102.25
16210,75.0
16211,1570.0
16212,69.75
16213,51.0
16214,67.5
16215,37.25
16216,38.75
16217,37.5
16218,249.0
16219,41.75
16220,1205.0
16221,498.0
16222,36.0
16223,248.0
16224,11.2
16225,17.6
16226,132.0
16227,91.25
16228,26.0
16229,83.25
16230,78.0
16231,74.0
16232,324.0
16233,100.25
16234,46.25
16235,44.5
16236,12.7
16237,34.3
16238,36.55
16239,112.0
16240,655.0
16241,13.0
16242,95.75
16243,16.6
16244,1355.0
16245,19.5
16246,68.25
16247,40.0
16248,32.75
16249,395.0
16250,22.5
16251,19.5
16252,104.75
16253,319.0
16254,111.5
16255,34.75
16256,61.0
16257,107.0
16258,71.5
16259,135.75
16260,81.25
16261,30.95
16262,139.0
16263,8.0
16264,36.75
16265,6.0
16266,109.0
16267,18.05
16268,419.0
16269,23.0
16270,6.9
16271,111.0
16272,30.95
16273,22.25
16274,268.0
16275,54.5
16276,67.25
16277,81.1
16278,501.0
16279,194.0
16280,38.25
16281,13.4
16282,98.0
16283,7.1
16284,117.0
16285,6.2
16286,640.0
16287,53.5
16288,39.75
16289,295.0
16290,30.25
16291,42.0
16292,1190.0
16293,70.25
16294,51.75
16295,1075.0
16296,2715.0
16297,78.25
16298,494.0
16299,274.0
16300,66.5
16301,870.0
16302,10.0
16303,14.2
16304,190.0
16305,29.35
16306,9.3
16307,301.0
16308,15.2
16309,45.25
16310,505.0
16311,530.0
16312,57.25
16313,820.0
16314,36.5
16315,49.75
16316,820.0
16317,42.5
16318,115.0
16319,313.0
16320,16.2
16321,28.4
16322,46.25
16323,14.9
16324,48.5
16325,27.8
16326,38.75
16327,97.25
16328,80.5
16329,45.0
16330,26.9
16331,1240.0
16332,50.75
16333,71.25
16334,59.25
16335,705.0
16336,935.0
16337,10.1
16338,72.0
16339,169.0
16340,71.75
16341,200.0
16342,474.0
16343,1365.0
16344,170.0
16345,27.2
16346,86.0
16347,960.0
16348,545.0
16349,69.25
16350,18.0
16351,35.55
16352,247.0
16353,170.0
16354,155.0
16355,47.25
16356,24.2
16357,64.75
16358,76.5
16359,39.75
16360,87.25
16361,16.4
16362,166.0
16363,9.0
16364,28.55
16365,39.75
16366,72.5
16367,42.5
16368,295.0
16369,900.0
16370,396.0
16371,457.0
16372,65.25
16373,52.25
16374,91.25
16375,108.5
16376,128.0
16377,10.6
16378,10.4
16379,163.0
16380,305.0
16381,54.0
16382,1135.0
16383,10.4
16384,145.0
16385,17.3
16386,379.0
16387,1000.0
16388,448.0
16389,45.5
16390,34.0
16391,6.1
16392,66.25
16393,71.5
16394,100.0
16395,50.75
16396,109.25
16397,1290.0
16398,36.3
16399,36.25
16400,393.0
16401,29.6
16402,26.35
16403,331.0
16404,123.5
16405,626.0
16406,47.25
16407,19.0
16408,330.0
16409,352.0
16410,193.0
16411,36.55
16412,105.25
16413,21.5
16414,167.0
16415,73.25
16416,13.3
16417,7.7
16418,12.0
16419,82.5
16420,2530.0
16421,174.0
16422,59.25
16423,131.0
16424,63.25
16425,17.6
16426,13.1
16427,80.5
16428,24.7
16429,79.0
16430,298.0
16431,179.0
16432,23.5
16433,71.0
16434,1780.0
16435,46.25
16436,56.25
16437,10.3
16438,547.0
16439,35.75
16440,444.0
16441,49.75
16442,950.0
16443,319.0
16444,90.75
16445,146.0
16446,7.6
16447,42.5
16448,74.5
16449,507.0
16450,63.25
16451,39.0
16452,795.0
16453,471.0
16454,34.75
16455,114.5
16456,64.0
16457,30.35
16458,1855.0
16459,26.5
16460,51.5
16461,60.0
16462,24.6
16463,14.2
16464,96.75
16465,1030.0
16466,82.5
16467,48.25
16468,74.0
16469,13.5
16470,15.3
16471,84.0
16472,51.5
16473,13.0
16474,178.0
16475,123.25
16476,45.75
16477,6.4
16478,53.25
16479,8.7
16480,1075.0
16481,20.6
16482,330.0
16483,97.25
16484,60.25
16485,153.0
16486,71.25
16487,86.0
16488,920.0
16489,1170.0
16490,11.1
16491,273.0
16492,87.75
16493,72.25
16494,25.4
16495,92.5
16496,68.0
16497,9.7
16498,11.1
16499,25.7
16500,278.0
16501,156.0
16502,1315.0
16503,34.75
16504,267.0
16505,685.0
16506,8.7
16507,88.5
16508,183.0
16509,15.8
16510,12.5
16511,26.4
16512,60.75
16513,3950.0
16514,70.5
16515,1100.0
16516,182.0
16517,192.0
16518,450.0
16519,50.25
16520,259.0
16521,39.25
16522,585.0
16523,402.0
16524,35.0
16525,55.5
16526,142.0
16527,404.0
16528,14.3
16529,79.25
16530,304.0
16531,40.75
16532,425.0
16533,22.5
16534,320.0
16535,120.0
16536,135.0
16537,78.0
16538,60.25
16539,65.25
16540,73.5
16541,192.5
16542,346.0
16543,184.0
16544,17.5
16545,59.0
16546,217.0
16547,9.6
16548,101.5
16549,97.0
16550,10.1
16551,168.0
16552,15.8
16553,248.0
16554,67.25
16555,460.0
16556,186.0
16557,37.15
16558,15.1
16559,65.25
16560,65.75
16561,11.6
16562,177.0
16563,49.75
16564,54.5
16565,14.1
16566,54.25
16567,19.4
16568,102.0
16569,9.4
16570,32.9
16571,37.5
16572,45.75
16573,6.9
16574,74.5
16575,442.0
16576,70.0
16577,103.0
16578,77.75
16579,9.6
16580,49.25
16581,2615.0
16582,175.0
16583,144.0
16584,97.25
16585,226.0
16586,318.0
16587,135.0
16588,516.0
16589,75.25
16590,66.0
16591,16.3
16592,239.0
16593,80.25
16594,855.0
16595,3925.0
16596,53.75
16597,240.0
16598,97.5
16599,142.0
16600,20.6
16601,87.0
16602,21.5
16603,389.0
16604,229.0
16605,15.7
16606,26.4
16607,30.4
16608,34.5
16609,50.75
16610,60.0
16611,64.0
16612,104.0
16613,85.5
16614,18.3
16615,30.3
16616,151.0
16617,23.1
16618,15.6
16619,96.25
16620,1525.0
16621,39.25
16622,32.15
16623,111.25
16624,59.5
16625,310.0
16626,31.75
16627,30.5
16628,30.05
16629,399.0
16630,102.5
16631,244.0
16632,104.5
16633,47.25
16634,84.25
16635,24.25
16636,119.0
16637,17.1
16638,84.25
16639,28.65
16640,710.0
16641,16.2
16642,252.0
16643,3255.0
16644,213.0
16645,35.0
16646,36.3
16647,41.25
16648,23.6
16649,80.25
16650,114.5
16651,11.1
16652,90.25
16653,52.5
16654,23.3
16655,39.75
16656,338.0
16657,70.0
16658,58.0
16659,285.0
16660,37.5
16661,80.5
16662,1100.0
16663,27.5
16664,29.4
16665,700.0
16666,1845.0
16667,122.0
16668,264.0
16669,70.75
16670,239.0
16671,14.4
16672,49.75
16673,767.0
16674,990.0
16675,81.5
16676,39.75
16677,29.2
16678,6.8
16679,18.0
16680,12.3
16681,74.0
16682,104.25
16683,27.15
16684,21.1
16685,40.15
16686,181.0
16687,115.5
16688,90.0
16689,30.0
16690,13.1
16691,9.4
16692,476.0
16693,138.0
16694,56.25
16695,27.1
16696,12.4
16697,119.0
16698,27.6
16699,955.0
16700,295.0
16701,9.0
16702,14.7
16703,46.75
16704,140.0
16705,134.0
16706,50.75
16707,111.0
16708,77.75
16709,800.0
16710,393.0
16711,15.2
16712,46.75
16713,44.65
16714,10.5
16715,124.0
16716,6.0
16717,90.75
16718,70.0
16719,67.5
16720,12.3
16721,67.0
16722,10.6
16723,13.8
16724,26.3
16725,55.75
16726,20.75
16727,8.4
16728,675.0
16729,63.75
16730,14.9
16731,34.0
16732,82.25
16733,69.25
16734,7.9
16735,66.5
16736,955.0
16737,186.0
16738,16.7
16739,178.0
16740,14.7
16741,36.5
16742,1705.0
16743,40.75
16744,2095.0
16745,990.0
16746,36.25
16747,68.5
16748,55.25
16749,10.8
16750,11.4
16751,690.0
16752,149.0
16753,15.7
16754,417.0
16755,61.25
16756,194.0
16757,75.5
16758,50.25
16759,59.0
16760,670.0
16761,76.75
16762,600.0
16763,43.5
16764,40.75
16765,57.0
16766,43.5
16767,100.0
16768,66.25
16769,1055.0
16770,198.0
16771,50.75
16772,38.3
16773,1035.0
16774,64.75
16775,14.7
16776,63.75
16777,26.4
16778,45.75
16779,71.0
16780,17.2
16781,97.0
16782,31.45
16783,312.0
16784,105.0
16785,14.9
16786,75.5
16787,86.75
16788,92.0
16789,32.25
16790,585.0
16791,112.5
16792,180.0
16793,120.0
16794,93.0
16795,66.75
16796,176.0
16797,84.0
16798,210.0
16799,108.95
16800,12.4
16801,180.0
16802,29.55
16803,9.7
16804,1405.0
16805,605.0
16806,146.0
16807,67.75
16808,31.85
16809,50.25
16810,97.25
16811,241.0
16812,57.45
16813,26.5
16814,10.2
16815,407.0
16816,13.4
16817,59.25
16818,34.75
16819,18.1
16820,12.9
16821,84.75
16822,80.5
16823,240.0
16824,9.5
16825,80.5
16826,55.75
16827,830.0
16828,454.0
16829,50.75
16830,33.75
16831,24.3
16832,76.0
16833,30.0
16834,41.0
16835,21.6
16836,8.2
16837,31.6
16838,1250.0
16839,24.7
16840,90.25
16841,47.0
16842,35.5
16843,38.25
16844,104.0
16845,86.25
16846,110.0
16847,100.5
16848,47.0
16849,83.75
16850,17.95
16851,14.8
16852,1375.0
16853,56.25
16854,6.8
16855,118.0
16856,130.0
16857,423.0
16858,174.0
16859,685.0
16860,27.05
16861,1625.0
16862,11.6
16863,16.8
16864,53.25
16865,61.5
16866,521.0
16867,38.4
16868,114.5
16869,128.5
16870,296.0
16871,48.0
16872,59.5
16873,26.2
16874,80.5
16875,73.0
16876,18.4
16877,110.0
16878,250.0
16879,36.15
16880,258.0
16881,34.5
16882,199.0
16883,1175.0
16884,316.0
16885,600.0
16886,52.5
16887,14.3
16888,87.5
16889,15.9
16890,23.1
16891,7.2
16892,32.9
16893,10.4
16894,8.5
16895,61.25
16896,19.25
16897,102.0
16898,71.25
16899,870.0
16900,37.75
16901,75.5
16902,240.0
16903,149.0
16904,246.0
16905,291.0
16906,17.6
16907,32.6
16908,23.9
16909,11.3
16910,20.1
16911,32.5
16912,32.55
16913,55.5
16914,69.0
16915,16.8
16916,267.0
16917,60.0
16918,128.0
16919,429.0
16920,438.0
16921,97.25
16922,1040.0
16923,44.9
16924,57.5
16925,13.0
16926,478.0
16927,760.0
16928,45.5
16929,397.0
16930,1050.0
16931,136.0
16932,42.0
16933,139.0
16934,314.0
16935,46.75
16936,630.0
16937,45.0
16938,1825.0
16939,26.4
16940,15.4
16941,92.0
16942,189.0
16943,250.0
16944,810.0
16945,685.0
16946,100.0
16947,107.75
16948,79.25
16949,56.75
16950,26.9
16951,12.5
16952,98.75
16953,25.9
16954,52.5
16955,10.1
16956,46.25
16957,10.1
16958,25.0
16959,12.7
16960,99.0
16961,48.5
16962,40.0
16963,153.0
16964,125.0
16965,121.0
16966,67.0
16967,2230.0
16968,51.5
16969,2030.0
16970,73.75
16971,21.2
16972,35.75
16973,18.0
16974,337.0
16975,74.75
16976,569.0
16977,7.9
16978,42.75
16979,30.9
16980,6.0
16981,109.5
16982,33.6
16983,99.75
16984,87.0
16985,27.2
16986,27.85
16987,99.25
16988,18.3
16989,50.5
16990,83.0
16991,72.5
16992,11.9
16993,31.2
16994,14.4
16995,193.0
16996,1085.0
16997,396.0
16998,448.0
16999,125.5
17000,32.95
17001,12.2
17002,564.0
17003,38.55
17004,26.2
17005,13.0
17006,22.8
17007,91.0
17008,331.0
17009,51.75
17010,1350.0
17011,129.0
17012,50.75
17013,118.5
17014,604.0
17015,16.4
17016,54.5
17017,72.75
17018,1200.0
17019,1800.0
17020,142.75
17021,64.25
17022,111.25
17023,2235.0
17024,286.0
17025,17.7
17026,608.0
17027,371.0
17028,186.0
17029,29.5
17030,72.5
17031,16.8
17032,28.9
17033,351.0
17034,679.0
17035,272.0
17036,31.55
17037,1215.0
17038,76.0
17039,140.0
17040,131.0
17041,33.25
17042,115.75
17043,33.0
17044,27.7
17045,14.5
17046,1630.0
17047,17.6
17048,179.0
17049,60.0
17050,11.2
17051,283.0
17052,374.0
17053,85.5
17054,331.0
17055,810.0
17056,166.0
17057,56.85
17058,46.75
17059,43.75
17060,57.75
17061,74.25
17062,126.0
17063,28.2
17064,6.8
17065,60.75
17066,11.0
17067,170.0
17068,72.75
17069,11.6
17070,64.75
17071,500.0
17072,89.75
17073,73.25
17074,12.4
17075,21.5
17076,23.4
17077,28.6
17078,1145.0
17079,102.75
17080,10.8
17081,109.0
17082,36.25
17083,81.0
17084,50.5
17085,50.0
17086,17.0
17087,241.0
17088,29.1
17089,23.5
17090,4035.0
17091,436.0
17092,32.65
17093,38.5
17094,6.3
17095,25.7
17096,11.3
17097,259.0
17098,61.5
17099,59.5
17100,46.25
17101,16.9
17102,1050.0
17103,37.05
17104,157.0
17105,44.05
17106,130.0
17107,280.0
17108,34.05
17109,915.0
17110,38.5
17111,134.0
17112,38.75
17113,108.0
17114,224.0
17115,159.0
17116,82.5
17117,23.7
17118,86.0
17119,366.0
17120,7.9
17121,180.0
17122,35.0
17123,18.7
17124,8.8
17125,50.75
17126,52.75
17127,634.0
17128,157.0
17129,104.75
17130,292.0
17131,61.5
17132,207.0
17133,82.75
17134,23.3
17135,1620.0
17136,321.0
17137,69.5
17138,37.5
17139,2645.0
17140,38.75
17141,186.0
17142,21.8
17143,70.0
17144,26.6
17145,22.9
17146,52.0
17147,19.7
17148,14.5
17149,36.25
17150,630.0
17151,101.25
17152,30.45
17153,50.5
17154,31.75
17155,32.1
17156,188.0
17157,175.0
17158,2040.0
17159,10.6
17160,80.25
17161,85.75
17162,412.0
17163,4025.0
17164,211.0
17165,128.75
17166,50.35
17167,36.2
17168,64.75
17169,59.25
17170,12.7
17171,239.0
17172,41.3
17173,15.0
17174,18.9
17175,69.0
17176,1135.0
17177,84.25
17178,41.0
17179,52.75
17180,375.0
17181,43.0
17182,645.0
17183,106.75
17184,97.75
17185,100.0
17186,45.75
17187,121.0
17188,17.7
17189,29.3
17190,7.0
17191,70.0
17192,13.1
17193,75.75
17194,8.4
17195,1475.0
17196,820.0
17197,52.75
17198,73.5
17199,87.75
17200,20.85
17201,21.1
17202,124.0
17203,1175.0
17204,2425.0
17205,18.3
17206,79.0
17207,42.25
17208,204.0
17209,31.15
17210,7.3
17211,230.0
17212,61.75
17213,68.75
17214,32.5
17215,110.0
17216,184.0
17217,318.0
17218,36.5
17219,90.25
17220,35.0
17221,9.6
17222,94.75
17223,76.0
17224,105.0
17225,58.0
17226,33.25
17227,326.0
17228,28.3
17229,293.0
17230,37.5
17231,24.8
17232,48.25
17233,12.6
17234,94.5
17235,58.5
17236,38.5
17237,123.0
17238,725.0
17239,58.25
17240,12.0
17241,22.6
17242,30.75
17243,1680.0
17244,160.0
17245,82.25
17246,2495.0
17247,20.1
17248,254.0
17249,39.75
17250,222.0
17251,20.2
17252,374.0
17253,9.1
17254,66.0
17255,47.5
17256,81.5
17257,19.8
17258,644.0
17259,70.0
17260,180.0
17261,51.5
17262,245.5
17263,135.0
17264,52.5
17265,22.75
17266,950.0
17267,7.1
17268,995.0
17269,20.8
17270,521.0
17271,55.5
17272,107.25
17273,64.5
17274,16.0
17275,58.5
17276,2855.0
17277,71.75
17278,70.0
17279,33.8
17280,82.75
17281,29.45
17282,605.0
17283,319.0
17284,52.0
17285,40.75
17286,37.25
17287,35.0
17288,47.5
17289,66.75
17290,291.0
17291,39.25
17292,30.25
17293,22.6
17294,38.75
17295,179.0
17296,60.25
17297,110.0
17298,166.0
17299,29.0
17300,43.0
17301,690.0
17302,713.0
17303,27.3
17304,325.0
17305,695.0
17306,129.0
17307,246.0
17308,39.25
17309,492.0
17310,132.0
17311,41.5
17312,33.7
17313,670.0
17314,31.9
17315,42.7
17316,96.5
17317,122.0
17318,21.1
17319,97.5
17320,965.0
17321,42.5
17322,36.65
17323,348.0
17324,321.0
17325,79.5
17326,92.5
17327,123.0
17328,96.75
17329,615.0
17330,49.5
17331,40.0
17332,65.5
17333,70.75
17334,11.5
17335,35.4
17336,258.0
17337,49.75
17338,39.75
17339,630.0
17340,318.0
17341,20.4
17342,76.5
17343,29.95
17344,167.0
17345,1255.0
17346,49.0
17347,60.5
17348,56.0
17349,32.2
17350,1970.0
17351,44.0
17352,279.0
17353,355.0
17354,655.0
17355,42.0
17356,23.1
17357,101.5
17358,30.2
17359,7.8
17360,24.1
17361,34.3
17362,890.0
17363,112.5
17364,101.5
17365,9.3
17366,33.25
17367,808.0
17368,183.0
17369,121.0
17370,15.0
17371,136.0
17372,585.0
17373,22.5
17374,30.15
17375,42.25
17376,208.0
17377,1190.0
17378,260.0
17379,180.0
17380,40.25
17381,259.0
17382,71.5
17383,194.0
17384,1115.0
17385,40.5
17386,337.0
17387,650.0
17388,498.0
17389,73.5
17390,150.0
17391,382.0
17392,26.0
17393,276.0
17394,921.0
17395,107.0
17396,57.75
17397,73.0
17398,27.3
17399,118.0
17400,45.25
17401,1265.0
17402,299.0
17403,121.0
17404,99.75
17405,16.9
17406,168.0
17407,8.9
17408,55.0
17409,63.25
17410,37.5
17411,441.0
17412,73.25
17413,57.25
17414,31.2
17415,289.0
17416,62.75
17417,588.0
17418,36.25
17419,490.0
17420,55.0
17421,68.0
17422,78.0
17423,44.75
17424,43.25
17425,27.6
17426,6.6
17427,302.0
17428,221.0
17429,33.35
17430,55.5
17431,209.0
17432,955.0
17433,73.75
17434,32.65
17435,70.5
17436,136.0
17437,47.25
17438,30.7
17439,117.0
17440,56.75
